text,label,predicted_label,predicted_probability,prob_negative,prob_neutral,prob_positive
android marshmallow <number> . <number> . <number> won't let me log on the by existing account just keeps saying setting up bbm please fix,negative,negative,0.780978262424469,0.780978262424469,0.20220611989498138,0.016815587878227234
map animation stopped working,negative,negative,0.7094976902008057,0.7094976902008057,0.2462724894285202,0.044229865074157715
"good, but slow workflow.",positive,neutral,0.6653545498847961,0.01413138210773468,0.6653545498847961,0.320514053106308
nice app to use with friends,neutral,positive,0.8947901725769043,0.009340476244688034,0.09586930274963379,0.8947901725769043
"i love this app, but i wish they had more outfit selections for maternity. other than that it's pretty awesome.",positive,positive,0.9111480116844177,0.01295696571469307,0.0758950486779213,0.9111480116844177
radar in motion won't work.,negative,negative,0.9666555523872375,0.9666555523872375,0.027082817628979683,0.006261651869863272
only opened <number> st <number> th pages of <url>,negative,negative,0.6980838179588318,0.6980838179588318,0.260582834482193,0.041333358734846115
when i was being rained on it said no rain in your <url> it is still a good weather app.,neutral,positive,0.5150379538536072,0.03185835853219032,0.4531036913394928,0.5150379538536072
everthing is tought before its use,neutral,negative,0.5360649824142456,0.5360649824142456,0.40219274163246155,0.06174222379922867
good content. worth downloading,neutral,positive,0.7004349827766418,0.007192035671323538,0.2923729717731476,0.7004349827766418
"it's a great and fun app for emoji use, i like the customization. but there needs to be more clothing and style options. i feel like there needs to be styles with clothing and hair, such as punk, goth, rocker, traditional, futuristic, fairy, and many more. other than wanting more styles to choose from this app is great",positive,positive,0.9222373366355896,0.011914814822375774,0.06584791094064713,0.9222373366355896
"wow, this is a terrible app. no open dialog or page goto. i had expected better from an actual adobe app.",negative,negative,0.9655172824859619,0.9655172824859619,0.028487926349043846,0.0059948270209133625
i m fed of this <url> has posted it add every where,negative,neutral,0.4730744957923889,0.3447250425815582,0.4730744957923889,0.18220050632953644
it is very usefull browser,positive,positive,0.7689298391342163,0.011861697770655155,0.21920843422412872,0.7689298391342163
its a bit slow vs thinking office and also text anti aliasing is bad,neutral,neutral,0.7503336668014526,0.03583834320306778,0.7503336668014526,0.213827982544899
"it was great for me and the owner was very nice to us.,but the price change when i pay from <number> to <number>",neutral,positive,0.6255870461463928,0.03157448768615723,0.34283843636512756,0.6255870461463928
provide some good <url> the only bad thing about this app is lack of good <url> hope you make it <url>,neutral,positive,0.636008083820343,0.010358438827097416,0.35363343358039856,0.636008083820343
problem with saving large photos plz fix ir,neutral,neutral,0.6822053790092468,0.25350937247276306,0.6822053790092468,0.06428518891334534
its a good app but we dont have a night mode option for reading in which the background becomes black and text becomes white in color.,positive,neutral,0.7505168318748474,0.01911081001162529,0.7505168318748474,0.23037226498126984
i hate the new version of bbm,negative,negative,0.9441976547241211,0.9441976547241211,0.0480320006608963,0.007770335767418146
is an interesting app to use.,positive,positive,0.9075098633766174,0.011666644364595413,0.08082348108291626,0.9075098633766174
"used to be great. now lots of issues with network. i keep getting no network errors, as failed to update errors even when signal is great, or i'm connected to my wi-fi at home.",neutral,neutral,0.4774583578109741,0.47706425189971924,0.4774583578109741,0.04547736793756485
it always has me in virginia and i live in florida,neutral,positive,0.46093490719795227,0.16463446617126465,0.3744305968284607,0.46093490719795227
it is the very good ape to any one download,positive,positive,0.8633310794830322,0.010858782567083836,0.12581013143062592,0.8633310794830322
not up to the mark,neutral,neutral,0.5521950125694275,0.3950255811214447,0.5521950125694275,0.0527794286608696
useless boring it's of no use now days just like mxit,negative,negative,0.8946114778518677,0.8946114778518677,0.09486124664545059,0.010527199134230614
very easy to use,positive,positive,0.9140226244926453,0.01239799428731203,0.07357940077781677,0.9140226244926453
worst upadate this update dont respond whenever i access my download section so hated it.,negative,negative,0.9681037068367004,0.9681037068367004,0.026287047192454338,0.0056092627346515656
i have lots of state that i watch. my home town will not show what it feels like. all the others do. i have tried a few different things and it won't work. don't understand but it is important to me to know how cold it feels out. i can go to hourly and it tells me but should not have to! i'm uninstalling!,neutral,negative,0.7353314161300659,0.7353314161300659,0.2370305061340332,0.027638092637062073
better and more accurate then most other weather apps.,positive,positive,0.9154478907585144,0.00960635393857956,0.07494568824768066,0.9154478907585144
fun!!! just wish i could make one of my bf.,neutral,positive,0.9018539190292358,0.01290704496204853,0.0852389857172966,0.9018539190292358
worthless does not open password protected pdf as stated,negative,negative,0.9570402503013611,0.9570402503013611,0.03678867220878601,0.006171118468046188
shoddy ui and keeps logging me out,negative,negative,0.8256246447563171,0.8256246447563171,0.15786847472190857,0.016506824642419815
"very accurate, which is important! how about a <number> x <number> widget?",positive,positive,0.8473852276802063,0.01125586312264204,0.1413588523864746,0.8473852276802063
i like the set up.,positive,positive,0.8303083181381226,0.010312383994460106,0.15937934815883636,0.8303083181381226
"looks interesting at initial install, however the advertisement photos and the camera lay out are different to my install on a samsung galaxy note <number> . missing too many features compared to the full pc. version, particularly tagging and indexing. camera is not as good as the original camera being on the dark side. a nice app. however adds not enough to warrant keeping. perhaps in the future updates. most notably is missing the side by side photo comparison which was the main reason for installation.",neutral,neutral,0.7985530495643616,0.02398771420121193,0.7985530495643616,0.177459254860878
nexus <number> and samsung s <number>,positive,neutral,0.5018153190612793,0.2883245348930359,0.5018153190612793,0.209860160946846
"crashing. app crashes and freezes constantly. on htc one m <number> , and the app is completely broken.",negative,negative,0.9496565461158752,0.9496565461158752,0.04318113252520561,0.007162298075854778
plz provide watermarking <url>,positive,positive,0.6012049317359924,0.04863107204437256,0.350163996219635,0.6012049317359924
u can download all movies in any language at movie <url> it okkk,neutral,neutral,0.7192290425300598,0.2202397733926773,0.7192290425300598,0.0605311319231987
pls add more features for android like iphone features,neutral,positive,0.5008053183555603,0.035917505621910095,0.4632771611213684,0.5008053183555603
nice app but when i taking picture with this app i have little problem here the range have limited only <number> - <number> meter even i set focus to infinity still can't get to it. i shoot with pro mode <url> you can fix that it will be <url>,neutral,positive,0.5922495126724243,0.022405726835131645,0.3853447735309601,0.5922495126724243
it's not a web browser. it's an ad browser,negative,negative,0.6197643280029297,0.6197643280029297,0.3423391282558441,0.03789655864238739
a lot of a bug here,negative,neutral,0.4926129877567291,0.43762391805648804,0.4926129877567291,0.06976304948329926
shame forest starts again every day would be nice to build a huge forest like monthly or so,positive,neutral,0.6232728362083435,0.15275010466575623,0.6232728362083435,0.22397710382938385
"this app is so fun! my friends and family love exchanging silly bitmojis in our texts. the only reason why i gave it <number> stars is because i wish there was a way for your to organize the bitmojis, so you can quickly access certain ones instead of having to scroll through them or search. also, the outfits are pretty awful. they need a little more fashion. lol however, the art and creativity in the bitmojis are terrific!",positive,positive,0.8210939764976501,0.02137293480336666,0.15753306448459625,0.8210939764976501
i love it but we need video support!,neutral,positive,0.849761426448822,0.024293430149555206,0.1259450912475586,0.849761426448822
the app is is good but,neutral,neutral,0.753762423992157,0.014974699355661869,0.753762423992157,0.23126287758350372
it is taking forever to load. never had this issue before. just started a few weeks ago,neutral,neutral,0.5438226461410522,0.40243667364120483,0.5438226461410522,0.05374068766832352
map stopped animating over a week ago on my samsung galaxy s <number> . please fix. used to be the <signature>,negative,negative,0.5174156427383423,0.5174156427383423,0.4177718460559845,0.06481246650218964
"it definitely helps me stay focused and off my phone. the one complaint i have is that when i have my phone on silent/vibrate, when i plant a tree my phone goes into standard/sounds on mode. i don't like that at all, i have it on silent for a reason.",positive,positive,0.8575567603111267,0.012377189472317696,0.13006606698036194,0.8575567603111267
one   for doing this nasty ios port,negative,negative,0.637152373790741,0.637152373790741,0.2614121735095978,0.10143542289733887
unmounted my sd card,negative,negative,0.9491820335388184,0.9491820335388184,0.042554184794425964,0.008263727650046349
why can i not delete saved locations? and ive read thtough it many times and dont see anyway at all to delte previously saved locations!!? im going to have to uninstall the app and then reinstall it to reset this location deleting issue u have!?!???,neutral,negative,0.8984712362289429,0.8984712362289429,0.08997713774442673,0.0115515710785985
"lacks capability to browse for local file. no goto page option, <number> page documents impossible to read. no 'bookmark' to save <url> apps avail",negative,negative,0.5308529138565063,0.5308529138565063,0.4379867911338806,0.03116026148200035
bbm is easy to use and simple way for chating to my friends and <url> !,neutral,positive,0.8957009315490723,0.0112300468608737,0.09306903183460236,0.8957009315490723
make it better please,positive,neutral,0.4993498921394348,0.017512904480099678,0.4993498921394348,0.48313724994659424
"i liked the game as well as the concept. it would be better if it gave a sort of buzzer when time was up, and if you could add some personalization.",positive,positive,0.8674415946006775,0.009628248400986195,0.1229301393032074,0.8674415946006775
"useful app nice app for opening documents, no adverts,easy to use and doesn't need a lot of experience",positive,positive,0.8670452237129211,0.007071978412568569,0.12588275969028473,0.8670452237129211
easy to book and great choice and information.,positive,positive,0.9274693727493286,0.010482247918844223,0.06204838305711746,0.9274693727493286
never trust earth networks again,negative,negative,0.9060629606246948,0.9060629606246948,0.0807473361492157,0.013189702294766903
what happened to the elite version i paid for?,negative,negative,0.9630441069602966,0.9630441069602966,0.029189275577664375,0.007766629569232464
lots of problems with the map,neutral,neutral,0.6530421376228333,0.10335426777601242,0.6530421376228333,0.2436036765575409
simple and easy to use,positive,positive,0.8959528803825378,0.00965946912765503,0.09438765048980713,0.8959528803825378
"enjoyed the app until the <url> then the ticker quit <url> the pop up ads in the ticker are annoying. when you get all that shut off in settings, it works great!",positive,positive,0.6425045132637024,0.031652335077524185,0.32584309577941895,0.6425045132637024
radar does not work. will not stay on my home city.,negative,negative,0.9658085107803345,0.9658085107803345,0.02822415716946125,0.005967374891042709
it would be nice if it was in different languages.,neutral,neutral,0.5432603359222412,0.01118289865553379,0.5432603359222412,0.44555673003196716
some tools can be available and improved without having to open an account or sign in each time like with drive but in general is pretty useful and have good features also please create the bin icon instead of the <number> dots and once you choose a file you can't delete only if you go back,positive,positive,0.7888409495353699,0.008776557631790638,0.20238251984119415,0.7888409495353699
"i love it! however, i do a lot of work on my phone and so i would like an option to run the app while using my phone, without it killing a tree!",positive,positive,0.9080418944358826,0.015110552310943604,0.07684758305549622,0.9080418944358826
good app easy to use. the lens correction function doesn't seem to work though. but maybe i am unaware of how it's supposed to work.,positive,positive,0.6755909323692322,0.00796634890139103,0.31644272804260254,0.6755909323692322
there should be feature by which we can see who saw my message in a group and who doesn't. like we have in what's app,positive,neutral,0.6528988480567932,0.01860765926539898,0.6528988480567932,0.32849350571632385
"can we get this to, somehow, plant an actual tree? say, for a certain amount of trees grown succesfully a tree gets planted at some forest in need.",negative,neutral,0.6185690760612488,0.11052059382200241,0.6185690760612488,0.2709102928638458
contains alot of ads,positive,neutral,0.6151422262191772,0.24774304032325745,0.6151422262191772,0.1371147334575653
can't search area,negative,negative,0.8504555821418762,0.8504555821418762,0.13793906569480896,0.011605302803218365
good app for team communications,positive,positive,0.8025767803192139,0.007689963094890118,0.18973323702812195,0.8025767803192139
stopped showing up in my status bar,neutral,negative,0.5552170872688293,0.5552170872688293,0.34990036487579346,0.09488257765769958
use it for studying,positive,positive,0.9015421271324158,0.01731525920331478,0.08114264160394669,0.9015421271324158
too much ads i dont want uc news stop showing me ads to download uc news,negative,negative,0.9160041809082031,0.9160041809082031,0.07553045451641083,0.008465338498353958
installed this app on my zt <number> tablet but wont work annoying!,negative,negative,0.8898369073867798,0.8898369073867798,0.10081569105386734,0.00934734009206295
the tree does not die no matter which app i <url> i have tried every setting possible but it doesnot <url>,negative,negative,0.7705168724060059,0.7705168724060059,0.2017710953950882,0.027711985632777214
i love  this app,positive,positive,0.38730689883232117,0.30552273988723755,0.30717039108276367,0.38730689883232117
need to have female and males,neutral,neutral,0.6402795314788818,0.24442587792873383,0.6402795314788818,0.11529463529586792
add tick tick clock sound in it,positive,positive,0.6515715718269348,0.016832919791340828,0.3315955102443695,0.6515715718269348
the radar won't work with samsung galaxy s <number> . so lame,negative,negative,0.9538240432739258,0.9538240432739258,0.03998754546046257,0.006188399624079466
great app. and loads pdf docs faster than many other apps,positive,positive,0.9188349843025208,0.019791902974247932,0.06137312948703766,0.9188349843025208
"fun app! wish i could draw some added details, but fun anyway.",positive,positive,0.8100956082344055,0.009108261205255985,0.18079617619514465,0.8100956082344055
pretty cool app to have.,positive,positive,0.8187495470046997,0.012424943037331104,0.16882555186748505,0.8187495470046997
"clumsy auto-import, but great overall",positive,neutral,0.596937894821167,0.028568102046847343,0.596937894821167,0.3744939863681793
useless without raw support,negative,negative,0.9611794352531433,0.9611794352531433,0.03157446160912514,0.007246082648634911
tried to use it for my team at work but they just wanted to use the whatsapp groups they currently do which is basically the same thing.,neutral,neutral,0.4532824754714966,0.4514978528022766,0.4532824754714966,0.09521960467100143
i think this a smart browser but opera mini fast then uc but good effort by devolpers,positive,positive,0.6660912036895752,0.012924982234835625,0.3209838271141052,0.6660912036895752
i am facing problem while using it needed to work on user interface its getting slow and hangs sometimes,neutral,neutral,0.5545140504837036,0.39412274956703186,0.5545140504837036,0.05136319622397423
"it's an ok app, compared to whatsapp and line messenger",neutral,neutral,0.6432331204414368,0.012655194848775864,0.6432331204414368,0.34411174058914185
"won't open any .pdf files on my tmo vibrant (bionix <number> . <number> ), useless.",negative,negative,0.970201849937439,0.970201849937439,0.02409287542104721,0.005705296061933041
can you fix the quality of display picture,positive,neutral,0.7189995646476746,0.07332329452037811,0.7189995646476746,0.20767714083194733
can't move app to sd card,neutral,neutral,0.7620473504066467,0.16922861337661743,0.7620473504066467,0.06872407346963882
good app but more facilities we exprcted,neutral,neutral,0.5886895656585693,0.015489453449845314,0.5886895656585693,0.3958209753036499
app works great. consider changing the red triangular notification to a solid red color in the notification bar in android. on my note <number> it appears as transparent in the notification bar at the top.,positive,positive,0.8586198687553406,0.017063288018107414,0.12431684136390686,0.8586198687553406
plz update it it stick in the loading screen forever,negative,neutral,0.6871675252914429,0.18457317352294922,0.6871675252914429,0.12825928628444672
i like it but i wish there were more things and i wish we could customize shirts and stuff,positive,positive,0.8686438798904419,0.009791940450668335,0.12156418710947037,0.8686438798904419
my messages aren't going through to anyone. please fix immediately.,neutral,negative,0.5759345293045044,0.5759345293045044,0.38560622930526733,0.03845927119255066
"i love it, but i'll select one to use and then it will show the new one sent, but a short time later, it will show that i resent an old one, not the one i just selected.",neutral,positive,0.6553022861480713,0.028093671426177025,0.31660401821136475,0.6553022861480713
my radar has stopped working! i've never had a problem with it until today please fix!,negative,negative,0.7357775568962097,0.7357775568962097,0.23253712058067322,0.03168538212776184
working properly for awhile and crashes later on,neutral,negative,0.5549443960189819,0.5549443960189819,0.3932003080844879,0.051855336874723434
"a well-crafted, simple app",positive,positive,0.913672685623169,0.01201570499688387,0.07431155443191528,0.913672685623169
it was okay at the start and got me focussed but my phone's screen timed out and locked and then my tree withered. please fix this,negative,neutral,0.793101966381073,0.09824062883853912,0.793101966381073,0.1086573526263237
it's pretty useful!,positive,positive,0.7878711819648743,0.007497502490878105,0.20463132858276367,0.7878711819648743
why can my friends get the bitmojis with two people but i can't? frustrated.,neutral,neutral,0.6547873616218567,0.27995824813842773,0.6547873616218567,0.065254345536232
remove obscene quotes and gestures,negative,negative,0.5725371837615967,0.5725371837615967,0.3575190007686615,0.06994375586509705
pretty good. app wish it let you face scan yourself.,positive,positive,0.8469259142875671,0.0074907029047608376,0.145583376288414,0.8469259142875671
very good but crashes often,neutral,positive,0.5901616215705872,0.01751616597175598,0.39232221245765686,0.5901616215705872
"lacking lens correction and blur features, otherwise i'd love it. please consider adding these, otherwise i'll have to use photo mate r <number> , cause while it doesn't have blur feature's it has great lens correction features so i can get my chromatic aberration effect : <number>",positive,positive,0.5697575807571411,0.019183116033673286,0.41105929017066956,0.5697575807571411
the animation stopped working please fix!,negative,negative,0.7955885529518127,0.7955885529518127,0.1757029891014099,0.028708459809422493
goood one no one can see images unless u do hd,positive,negative,0.6131019592285156,0.6131019592285156,0.3491038680076599,0.03779418766498566
the app lags and consume lots of space.,negative,neutral,0.5425443649291992,0.41070565581321716,0.5425443649291992,0.04674989730119705
"great app, using for an <url> but, could it be upgraded with the feature 'desktop mode' ?",positive,positive,0.6260071396827698,0.027659134939312935,0.346333771944046,0.6260071396827698
it was good before,neutral,neutral,0.7417929172515869,0.1122983992099762,0.7417929172515869,0.14590871334075928
i like the old spark better it was more accurate cuz it told you exactly how many miles away the lightning was now you gotta zoom in on the map just to see in a round about ways of where the lightning <url>,neutral,positive,0.7291449308395386,0.016481071710586548,0.25437402725219727,0.7291449308395386
"i really like it, but for a while now it hasn't been making my tree die when i touch my phone. also, after completing a set amount of time there's another number underneath my tree. i can't figure out what this means.",positive,neutral,0.6418517827987671,0.06600932031869888,0.6418517827987671,0.292138934135437
annoying buttons below the chat text box.,neutral,neutral,0.7710157036781311,0.1311080902814865,0.7710157036781311,0.09787614643573761
i like this app for esuy to watch movie,positive,positive,0.872211754322052,0.012109696865081787,0.11567861586809158,0.872211754322052
"aaa please tell me why it doesnt show my cherry blossom <url> i just unlocked it with <number> coins, and i cant find it to grow it. arghh its frustrating.",neutral,negative,0.4988318085670471,0.4988318085670471,0.4595027565956116,0.0416654497385025
needs to save where you last left off thats all it needs <number> stars when it updates,neutral,negative,0.5127091407775879,0.5127091407775879,0.44325974583625793,0.044031109660863876
the app draws the mobile addict in you and plays with his/her psyche.,positive,positive,0.7241095900535583,0.0666971281170845,0.20919331908226013,0.7241095900535583
it is helpful for fast downloading,positive,positive,0.8463870286941528,0.006777000147849321,0.14683590829372406,0.8463870286941528
hard to access emojis/sticker,positive,negative,0.6378605961799622,0.6378605961799622,0.3344639539718628,0.027675418183207512
why this app has become so big? earlier it used to be only <number> mbs now its <number> . please reduce the size. <signature>,neutral,neutral,0.6726173162460327,0.2007845640182495,0.6726173162460327,0.12659808993339539
directions make no sense,negative,negative,0.6720752120018005,0.6720752120018005,0.28644633293151855,0.041478481143713
great app for photography but,neutral,positive,0.7713804244995117,0.0216764397919178,0.2069430649280548,0.7713804244995117
why can't they fix these issues,neutral,neutral,0.5831593871116638,0.29395592212677,0.5831593871116638,0.12288470566272736
not working with whats app,negative,negative,0.9002814292907715,0.9002814292907715,0.08886778354644775,0.01085078064352274
you have to put the search option in the app,positive,neutral,0.6684166193008423,0.22246752679347992,0.6684166193008423,0.1091158539056778
"its very usefull, also good <url> !!!",positive,positive,0.894041121006012,0.007316290400922298,0.09864258021116257,0.894041121006012
"its good. but the problem is whenever i charge my phone, and the forest app has been running, the moment the charging the moment the tree died. and i do not get a single coin. lol is not my fault that the tree died, but what i got-o coins and a dead tree.",neutral,neutral,0.795158863067627,0.01697293482720852,0.795158863067627,0.1878681480884552
tel me what to do,positive,neutral,0.5749397873878479,0.3136211633682251,0.5749397873878479,0.11143898963928223
some websites say i don't have adobe even though i have this loaded.,neutral,neutral,0.5283225178718567,0.3751312494277954,0.5283225178718567,0.09654621034860611
it is easy to find your distination but there is always a less price,neutral,positive,0.5159394145011902,0.02592162787914276,0.45813897252082825,0.5159394145011902
i havent many friends here,positive,negative,0.7909331917762756,0.7909331917762756,0.19095315039157867,0.01811368018388748
"would like updates on the sun over a <number> hour loop, as well as wind maps, water temps. but one of the <signature>",positive,positive,0.7766891717910767,0.007980781607329845,0.2153300791978836,0.7766891717910767
where are the local adjustments?,positive,neutral,0.5804459452629089,0.1560593545436859,0.5804459452629089,0.26349467039108276
very easy to <url>,neutral,positive,0.9060387015342712,0.013921717181801796,0.08003966510295868,0.9060387015342712
easy to use very good deal.,positive,positive,0.9238908886909485,0.010710944421589375,0.0653981938958168,0.9238908886909485
this app doesnt want to sign me up,neutral,negative,0.9652501940727234,0.9652501940727234,0.029176412150263786,0.005573380272835493
always showing install even it has already installed,positive,neutral,0.5252406001091003,0.1655145287513733,0.5252406001091003,0.3092448115348816
the zooming feature is slow and consequently difficult to use.,neutral,neutral,0.7742096781730652,0.1691233217716217,0.7742096781730652,0.05666706711053848
great tool for on the go!,positive,positive,0.9293601512908936,0.014651048928499222,0.05598887428641319,0.9293601512908936
raw format not supported,neutral,neutral,0.6785792708396912,0.22876019775867462,0.6785792708396912,0.09266052395105362
"it's a cool thing to have, but it won't sync up with the mozilla addon",positive,neutral,0.7514570355415344,0.018474934622645378,0.7514570355415344,0.23006802797317505
great app but keeps crashing,neutral,positive,0.5088515281677246,0.07651340961456299,0.4146350622177124,0.5088515281677246
"bbm is good ,hate the adverts",positive,neutral,0.577484130859375,0.3479391038417816,0.577484130859375,0.07457682490348816
how about a tablet ui?,neutral,neutral,0.5411959290504456,0.18475571274757385,0.5411959290504456,0.27404841780662537
prefer the website more,neutral,neutral,0.6405552625656128,0.1466771364212036,0.6405552625656128,0.2127675563097
"good design. hope the plant real trees is a true story! also, why the highest ranking people are mostly asian? should expand your customers",positive,positive,0.7767456769943237,0.008133608847856522,0.21512068808078766,0.7767456769943237
"i am not disappointed, but pixlr is still a way better software.",neutral,neutral,0.6332276463508606,0.06822088360786438,0.6332276463508606,0.298551470041275
"i love playing with bitmojis. the clothes in the personalization could use some updating, though. very little are things i'd ever actually wear. it would also be nice to add friends directly on the app to interact with their own bitmojis outside of snapchat.",positive,positive,0.8991416096687317,0.00862025748938322,0.0922381579875946,0.8991416096687317
i love it. i just wish i could delete images that i find offensive and would never use.,positive,positive,0.8272656202316284,0.047606274485588074,0.12512809038162231,0.8272656202316284
i think in the new update they let you color customize any hair style and let you put cuts in your eyebrows.,positive,positive,0.8389007449150085,0.020615622401237488,0.14048366248607635,0.8389007449150085
automatically resizes with no way to change!!,negative,negative,0.9643583297729492,0.9643583297729492,0.02951805479824543,0.006123652216047049
don't like the new update,positive,neutral,0.6230679750442505,0.3122413456439972,0.6230679750442505,0.06469061970710754
i like my bbm now . <signature>,positive,positive,0.8804751634597778,0.014934951439499855,0.10458994656801224,0.8804751634597778
no more trees since update. just shrubs :'(,positive,neutral,0.6401991844177246,0.2446085512638092,0.6401991844177246,0.11519224941730499
would not updated on my phone and i tried like <number> times,negative,negative,0.7728884220123291,0.7728884220123291,0.20758317410945892,0.01952839083969593
"needs more body shapes and sizes, as well as face lines around nose/cheeks",positive,neutral,0.6564465761184692,0.02188580296933651,0.6564465761184692,0.3216675817966461
took away floating head in txt,negative,negative,0.8572562336921692,0.8572562336921692,0.12161364406347275,0.02113013155758381
stopped working on my phone since the last update. will bring rating up when the problem is fixed.,negative,negative,0.4857160747051239,0.4857160747051239,0.4705255925655365,0.04375830292701721
works well. most of my pdf files require me to enter a username and password. this app will not allow me to. any chance of adding that?,neutral,neutral,0.7805567383766174,0.029490528628230095,0.7805567383766174,0.1899528056383133
"it's <url> ,add select area <url> mean make selection by <url>",neutral,positive,0.5656673908233643,0.02713725157082081,0.4071952998638153,0.5656673908233643
app doesn't always work. temp won't show in n status bar. doesn't keep track of moving locations,neutral,negative,0.758996844291687,0.758996844291687,0.22596007585525513,0.015042992308735847
i hate this update,negative,negative,0.951833963394165,0.951833963394165,0.04125840589404106,0.006907728035002947
new updates are beyond worse,negative,neutral,0.49390506744384766,0.2791214883327484,0.49390506744384766,0.22697336971759796
where is wbug elite i paid for???,negative,negative,0.9486494064331055,0.9486494064331055,0.04208596050739288,0.009264636784791946
make the time lapse between editing each feature shorter,positive,neutral,0.7720380425453186,0.07388018816709518,0.7720380425453186,0.154081791639328
add one more feature,positive,positive,0.5781273245811462,0.024450253695249557,0.3974223732948303,0.5781273245811462
the app was useful but avg virus scanner said it contains malware so i'm uninstalling to be safe,negative,neutral,0.7554269433021545,0.11987709999084473,0.7554269433021545,0.1246960237622261
i couldn't open it.,negative,negative,0.9527051448822021,0.9527051448822021,0.03984159231185913,0.007453255355358124
i think that uc is very nice,neutral,positive,0.7528592348098755,0.015080276876688004,0.2320604920387268,0.7528592348098755
mis the original bbm,negative,negative,0.6251479983329773,0.6251479983329773,0.3235965967178345,0.05125536024570465
new ui tanks usability,negative,positive,0.5002561807632446,0.055003572255373,0.4447402060031891,0.5002561807632446
this app is so good,positive,positive,0.6311183571815491,0.016408804804086685,0.3524729013442993,0.6311183571815491
doesn't work on my htc droid eris!! can't open pdf attached emails. uninstalling!!,negative,negative,0.9686179161071777,0.9686179161071777,0.02579270675778389,0.005589410662651062
it's very good app for android mobile s,positive,positive,0.8654493689537048,0.009134309366345406,0.12541630864143372,0.8654493689537048
temp is all wrong,neutral,negative,0.8820162415504456,0.8820162415504456,0.10312529653310776,0.014858382754027843
id's easy to use and very helpful,positive,positive,0.9100164175033569,0.007868144661188126,0.08211541175842285,0.9100164175033569
"it seems everytime we're about to get severe weather, the app stops working. radar doesn't work, storm tracking doesn't <url> most critical time for something to work is during or before a storm, such as we're supposed to get today. this app works great on bright, sunny <url> 't depend on it if a storm is brewing though. it will quit working on you.",neutral,negative,0.6565284132957458,0.6565284132957458,0.31363946199417114,0.02983216941356659
i guess its just the world i live in???,negative,neutral,0.5678720474243164,0.12842516601085663,0.5678720474243164,0.3037027418613434
just an idea. when editing/creating my bitmoji i think it'd be neat to have the option to mix and match parts of different outfits together or even change colours of parts.,positive,positive,0.7493466734886169,0.014099394902586937,0.23655396699905396,0.7493466734886169
app is good. no weather forecast is <url> very vague predictions.,positive,neutral,0.8041518926620483,0.0294621754437685,0.8041518926620483,0.16638590395450592
cannot attach pictures to reviews,neutral,neutral,0.6424809098243713,0.29959526658058167,0.6424809098243713,0.0579238124191761
great weather app! easy to use and quick to load. only wish it was easy to find a forecast video on it.,positive,positive,0.9198037385940552,0.010345620103180408,0.06985069066286087,0.9198037385940552
issue on local wifi,neutral,neutral,0.6424470543861389,0.22386881709098816,0.6424470543861389,0.13368409872055054
i dont like this app,negative,negative,0.8114704489707947,0.8114704489707947,0.17073854804039001,0.01779095083475113
on the right track,positive,neutral,0.5670613646507263,0.08162423223257065,0.5670613646507263,0.35131439566612244
best app for browsing,positive,positive,0.8860776424407959,0.008270502090454102,0.10565187782049179,0.8860776424407959
needs a dark mode for the notification bar. hate the bright white glaring at me.,positive,neutral,0.7091622948646545,0.2149626463651657,0.7091622948646545,0.07587502896785736
"good app, but it doesn't support gif in android",positive,neutral,0.8213838934898376,0.03234538435935974,0.8213838934898376,0.14627070724964142
<salutation> i tried to sign in and i gave my email and password and from u a email also came but what next to <url> tried to click check again and continue but nothing happened,positive,negative,0.9041755199432373,0.9041755199432373,0.08343379199504852,0.012390678748488426
been using for several months now as a communication tool for various members of a nonprofit organization. it's only downfall that i can see are the occasional missed update alert and that there is no notification badge on the icon.,positive,positive,0.6524949073791504,0.059197116643190384,0.28830793499946594,0.6524949073791504
works for what i need,positive,positive,0.910531759262085,0.023028945550322533,0.06643924862146378,0.910531759262085
it's saying it's not up to date so i can't view my file. -htc evo,neutral,neutral,0.5150662660598755,0.42617902159690857,0.5150662660598755,0.05875467509031296
when you know how to use it it's pretty fun and useful same with adobe photoshop touch i have a ton of fun with that but you just have to know how to use it or it will not be fun that's why people are reading it for star i read it <number> stars i love it but only because i know how to use it,positive,positive,0.8394103050231934,0.011439397931098938,0.1491503119468689,0.8394103050231934
best app ever ( my opinion),negative,positive,0.8837850093841553,0.017215942963957787,0.09899904578924179,0.8837850093841553
doesn't tie your account to gmail - so every new phone (or reflash) you have to retype <url>,negative,negative,0.8340212106704712,0.8340212106704712,0.15239310264587402,0.01358567550778389
great application for team collaboration,positive,positive,0.9253911375999451,0.02022189274430275,0.05438688397407532,0.9253911375999451
"crash easily,make my phone <url> its a great <url> u!",positive,positive,0.7067851424217224,0.05489837005734444,0.23831647634506226,0.7067851424217224
the menu bar above keyboard is annoying,positive,neutral,0.719883918762207,0.15579906105995178,0.719883918762207,0.12431701272726059
it's an essential tool.,positive,positive,0.90892493724823,0.01319769024848938,0.07787737250328064,0.90892493724823
this bbm doesnt work properly with the samsung notebook <number> . it is always showing limited bbm access. pls fix this,neutral,negative,0.867332935333252,0.867332935333252,0.1199759766459465,0.012691128067672253
"unless i open the app, i get no notifications even when my name is mentioned",negative,negative,0.7282974720001221,0.7282974720001221,0.2495681345462799,0.022134486585855484
it's good app but need more apps related chat process,positive,neutral,0.49532008171081543,0.009478000923991203,0.49532008171081543,0.49520185589790344
"doesn't open all pdfs. i do a lot of work dealing with architectural plans. this does not render all of the pdfs (some open fine, others open blank).",negative,neutral,0.5897842645645142,0.36638912558555603,0.5897842645645142,0.043826643377542496
quick way to book a motel when you need too,neutral,positive,0.8112080097198486,0.01100649032741785,0.1777854710817337,0.8112080097198486
can get out of the app by home button and use your <url> timer runs in the <url>,neutral,neutral,0.6110392808914185,0.32513853907585144,0.6110392808914185,0.06382227689027786
"honestly a joke compared to the desktop version of lightroom. i have one of the most powerful phones in existence and this app can't even scroll without lagging. i reinstalled today, <number> months later to find not only has nothing changed but my trial has expired and i now need to pay to use a laggy gimped version of software i already own.",negative,negative,0.6579350829124451,0.6579350829124451,0.2933240532875061,0.04874085634946823
better for <url> !!!! you will try <url> !!!!,neutral,neutral,0.6516053080558777,0.1634426712989807,0.6516053080558777,0.184952050447464
backup feature was awesome,positive,neutral,0.5843958854675293,0.115256167948246,0.5843958854675293,0.3003480136394501
amazing to use this one like superb,positive,positive,0.9242829084396362,0.01517639122903347,0.06054064631462097,0.9242829084396362
i can't post on any website.,neutral,negative,0.8588812351226807,0.8588812351226807,0.1292130947113037,0.011905640363693237
want some other features,neutral,neutral,0.6789548397064209,0.020841144025325775,0.6789548397064209,0.30020397901535034
this app is not user friendly,neutral,negative,0.8655310869216919,0.8655310869216919,0.12095357477664948,0.01351538859307766
force closes <number> / <number> !,negative,negative,0.8863240480422974,0.8863240480422974,0.09443501383066177,0.01924082264304161
what a waste of this apps effort the image meta data are always show false info when export image to gallery,negative,negative,0.9593587517738342,0.9593587517738342,0.0348774679005146,0.00576379569247365
it's a nic app n helpful <url>,positive,positive,0.6908184289932251,0.0105205699801445,0.2986609935760498,0.6908184289932251
how to change time ??,neutral,neutral,0.44357720017433167,0.3159565031528473,0.44357720017433167,0.24046626687049866
it's ok but this new version is not so impressive,neutral,neutral,0.8227686882019043,0.016467386856675148,0.8227686882019043,0.16076385974884033
this is a good movie downloader,positive,positive,0.815253734588623,0.012089414522051811,0.1726568341255188,0.815253734588623
want my old avatar can't find it,negative,negative,0.6249517798423767,0.6249517798423767,0.33738449215888977,0.03766375780105591
best of pdf file app,positive,positive,0.8867661356925964,0.013780862092971802,0.09945298731327057,0.8867661356925964
i would have gave <number> stars if y'all had more cute outfits for the girls to wear that is seasonal appropriate,positive,positive,0.7713919281959534,0.02972768433392048,0.1988803893327713,0.7713919281959534
was ok but i can easily use other apps when i press home,negative,neutral,0.6760267019271851,0.07655677199363708,0.6760267019271851,0.24741655588150024
"useless. can't log in using the app at all. deleted and reinstalled several times, still no luck.",negative,negative,0.9688538312911987,0.9688538312911987,0.02485118806362152,0.00629494758322835
"easy to use, but if i plant a tree to grow and then leave the app it doesn't die. don't know if that's a bug in the app, but knowibg it won't die once i exit the app gives me no reason to stay focused",positive,neutral,0.8129821419715881,0.06855671852827072,0.8129821419715881,0.11846115440130234
cuts down on paper usage.,positive,neutral,0.5208991765975952,0.43610358238220215,0.5208991765975952,0.04299718514084816
<salutation> then dropped it. and now the radar animation doesn't work.,negative,negative,0.967585563659668,0.967585563659668,0.02616771124303341,0.006246801931411028
"good idea, but too slow on android. much better on desktop.",negative,neutral,0.7745915651321411,0.06429653614759445,0.7745915651321411,0.161111980676651
"like everything about it, except that the radar animation is a little clunky.",positive,neutral,0.5341338515281677,0.013596870005130768,0.5341338515281677,0.4522692561149597
it's the king when it comes on downloading from internet i really appreciate it,positive,positive,0.801925539970398,0.04087129607796669,0.15720310807228088,0.801925539970398
"i'm using uc browser from many years and its was amazing but from the last update i got, it get <url> everytime i open new site, it shows an error everytime. please fix this.",neutral,neutral,0.682023823261261,0.1758512407541275,0.682023823261261,0.14212487637996674
cant install this app on my s <number> . error cant install in default location,negative,negative,0.9400851130485535,0.9400851130485535,0.05316983535885811,0.006745113991200924
needs to include precipitation estimates,neutral,neutral,0.8050451278686523,0.038589958101511,0.8050451278686523,0.15636494755744934
new version is a step back,negative,neutral,0.3807142674922943,0.2745739221572876,0.3807142674922943,0.3447118401527405
great but watch little bug,neutral,positive,0.8808509707450867,0.011881211772561073,0.1072678342461586,0.8808509707450867
i love this app.,positive,positive,0.4898761510848999,0.23890791833400726,0.27121591567993164,0.4898761510848999
"love the idea, and as long as i didn't touch my phone notifications and such didn't ruin my progress. however if i try to exit out of the app (to use whitelisted apps like my calculator) then it 'killed' my trees.",neutral,positive,0.7130714058876038,0.04155225306749344,0.24537627398967743,0.7130714058876038
"my mom found this before i did! i'm <number> and even i like it. lol great for all ages. you can make it look just like you to every detail, many clothes and accessory choices, and when you want to send a text to somebody they basically have everything you might want to say to somebody in a text or to reply back to somebody in a text message. plus cute little emojis of yourself doing things.",positive,positive,0.9171294569969177,0.012228362262248993,0.07064221054315567,0.9171294569969177
ads ads ads everywhere,neutral,negative,0.8978690505027771,0.8978690505027771,0.08975119888782501,0.012379759922623634
has gotten a bit better since last review. i really like the lightning strike display. helps me with my lightning photos,neutral,positive,0.9144573211669922,0.010672145523130894,0.0748705342411995,0.9144573211669922
i really enjoy it,positive,positive,0.7857556343078613,0.0202336385846138,0.1940106600522995,0.7857556343078613
i rely on accurate radar as i work outside everyday on a golf course. the daily and the hourly forecast constantly contradict each other though now and it's hard to figure out what the actual weather will be so i can only really rely on radar.,positive,positive,0.4736298620700836,0.06341578811407089,0.4629543721675873,0.4736298620700836
"i enjoyed it, but the app deleted all of my purchases, such as trees and sounds",neutral,neutral,0.5224922895431519,0.05013216659426689,0.5224922895431519,0.42737555503845215
so far it's good,positive,neutral,0.5227728486061096,0.008859289810061455,0.5227728486061096,0.46836790442466736
would like some custom messages when trees are planted,positive,positive,0.6668733358383179,0.010645177215337753,0.32248151302337646,0.6668733358383179
used to be good,negative,negative,0.7875171303749084,0.7875171303749084,0.19047799706459045,0.02200482413172722
make category select bradcast message!,neutral,neutral,0.47326570749282837,0.09759531915187836,0.47326570749282837,0.42913901805877686
causes allot of problems will change dates etc when making a booking. prob better off staying with web page.,negative,neutral,0.6265035271644592,0.3016147315502167,0.6265035271644592,0.07188171148300171
reflow feature quirky. can't somehow help feeling suspicious it is bugridden inside.,negative,neutral,0.8125355243682861,0.10971284657716751,0.8125355243682861,0.07775162905454636
i don't <url> i can't understand this appp,neutral,negative,0.8795561790466309,0.8795561790466309,0.10682213306427002,0.013621688820421696
crashes on galaxy s,negative,negative,0.7976394295692444,0.7976394295692444,0.1763339340686798,0.026026617735624313
force closes all the time. from a company with a good to great rep. i had expected better,negative,neutral,0.47645559906959534,0.4224892556667328,0.47645559906959534,0.1010551005601883
great <url> ruined with ads,neutral,negative,0.9559900164604187,0.9559900164604187,0.03534235432744026,0.008667564019560814
worst experience at hotel,negative,negative,0.9638498425483704,0.9638498425483704,0.029857728630304337,0.006292356178164482
heating and battery problem,neutral,neutral,0.5582694411277771,0.384553462266922,0.5582694411277771,0.05717705935239792
fed up with advertisements. oh my gosh. cannot tolerate this application anymore,negative,negative,0.9465628266334534,0.9465628266334534,0.047116968780756,0.0063201868906617165
this is the fastest app searching mode,positive,positive,0.7696906328201294,0.03239810839295387,0.19791126251220703,0.7696906328201294
"nice app for managing ongoing projects, teams, groups.",positive,positive,0.9260557293891907,0.008511866442859173,0.06543239951133728,0.9260557293891907
is not allways up to date with current weather.,positive,neutral,0.7526265382766724,0.1554819494485855,0.7526265382766724,0.09189160913228989
realy superrrr <url> saver app,positive,neutral,0.5845048427581787,0.12928108870983124,0.5845048427581787,0.28621405363082886
<number> day trial? and then creative cloud?,negative,negative,0.8995003700256348,0.8995003700256348,0.08058809489011765,0.019911520183086395
the print button keeps shutting itself down,positive,negative,0.545134425163269,0.545134425163269,0.4076313078403473,0.04723430052399635
average performance in download,neutral,neutral,0.7393180131912231,0.054424822330474854,0.7393180131912231,0.206257164478302
animation on radar stopped,negative,negative,0.9066271781921387,0.9066271781921387,0.07843118906021118,0.014941639266908169
"so far so good. surfing is made enjoyably interesting, thumb ups.",positive,positive,0.8782366514205933,0.008877478539943695,0.11288592964410782,0.8782366514205933
bbm sucks on my galaxy s <number> mini .,negative,negative,0.9491975903511047,0.9491975903511047,0.04409165307879448,0.006710769608616829
what did i download?,negative,negative,0.9139130711555481,0.9139130711555481,0.074224554002285,0.011862348765134811
my favourite editing apl,positive,positive,0.8694950938224792,0.030703965574502945,0.09980091452598572,0.8694950938224792
so easy to use and appropriate advice,positive,positive,0.9158291816711426,0.007873916998505592,0.07629690319299698,0.9158291816711426
doesn't work properly.,negative,negative,0.9481551051139832,0.9481551051139832,0.044328704476356506,0.007516162004321814
"generally good, sometimes price filter doesn't work well.",positive,positive,0.68783038854599,0.009115379303693771,0.30305424332618713,0.68783038854599
love this app pretty accurate,positive,positive,0.908733606338501,0.021640097722411156,0.06962626427412033,0.908733606338501
as much as <number> degrees off!,negative,neutral,0.5499325394630432,0.1875944286584854,0.5499325394630432,0.26247304677963257
used to be good,negative,negative,0.7875171303749084,0.7875171303749084,0.19047798216342926,0.022004831582307816
"this app helps me be productive, but since the update, i can't plant the trees i had previously bought.",positive,positive,0.6638321876525879,0.013098277151584625,0.3230695128440857,0.6638321876525879
dell streak:force close sometimes. blank pages sometimes. need bookmark feature and ability to continue from last read page.,neutral,neutral,0.8247239589691162,0.09216839075088501,0.8247239589691162,0.0831076130270958
"if your in a hurry, i'd recomed calling, it takes a wile to fill out the information.",neutral,neutral,0.7357400059700012,0.07327450811862946,0.7357400059700012,0.19098550081253052
good but not good as web version,positive,neutral,0.814560055732727,0.03319736197590828,0.814560055732727,0.15224261581897736
problems working over wi-fi,negative,neutral,0.5121533870697021,0.44159257411956787,0.5121533870697021,0.04625408351421356
it's ads all the way,negative,negative,0.5684663653373718,0.5684663653373718,0.38066914677619934,0.05086447671055794
no password support <url>,negative,negative,0.8371657133102417,0.8371657133102417,0.146077960729599,0.016756398603320122
"good, but not perfect",neutral,neutral,0.7843096852302551,0.02557229809463024,0.7843096852302551,0.1901179999113083
i wish it would work offline,positive,neutral,0.6550465226173401,0.026859240606427193,0.6550465226173401,0.3180941939353943
cloud based apps do not work for me. with pathetic network services in our region it becomes frustrating to use. pity. will have to uninstall,negative,negative,0.9588865637779236,0.9588865637779236,0.03510303050279617,0.0060104429721832275
"so disappointed with this app! why would you delete an entire account without any warnings? see i'm not mad that you deleted my account because i had iran's ip address, i'm mad because you didn't even bothered to give me a chance to take back up of my files! do you understand how unprofessional this is? so disappointed!",negative,negative,0.9201080203056335,0.9201080203056335,0.0715942233800888,0.008297860622406006
this app is good,positive,positive,0.7618544101715088,0.011504314839839935,0.22664129734039307,0.7618544101715088
"slow, laggy performance. thinkfree office opens my pdfs and allows smooth transitions and zooming.",negative,neutral,0.7779229283332825,0.16380047798156738,0.7779229283332825,0.05827667936682701
since the update the radar doesn't work <url>,negative,negative,0.948971688747406,0.948971688747406,0.04402341693639755,0.007004876155406237
"like the app, but could you please remove the external storage permission when i want to take a picture? i don't like granting apps dangerous permissions and i know you don't need it if you use the file provider api. <signature>",negative,neutral,0.6917702555656433,0.05565931275486946,0.6917702555656433,0.2525704801082611
there is no print option i can find.,neutral,neutral,0.6009021401405334,0.35657909512519836,0.6009021401405334,0.0425187423825264
<url> the picture size on bbm group is too small sometime not clear. also incoming bbm call is not detected or not showed in galaxy gear s <number>,positive,neutral,0.7454488277435303,0.15235835313796997,0.7454488277435303,0.10219284892082214
got stuck on trying to confirm my booking and i lost the accommodation. after that force crash. uninstall. htc desire,negative,negative,0.9636472463607788,0.9636472463607788,0.030475029721856117,0.005877682939171791
please fix the radar,negative,negative,0.4404929280281067,0.4404929280281067,0.41779401898384094,0.14171306788921356
"good adjustment, bad storage",neutral,neutral,0.7423681020736694,0.038355112075805664,0.7423681020736694,0.2192767858505249
coming from adobe this is absolute garbage. fails to open pdf files. it was only <number> kb. garbage.,negative,negative,0.9695953130722046,0.9695953130722046,0.024772895500063896,0.005631793290376663
after i updated the new bbm version always getting <url> sometime the messages pending without ceklis my friend send in the morning but the messages coming after <number> or <number> hour <url> i saw on the messages the time when he send me a messages and this made my planning <url> should i didn't upgraded <url>,negative,neutral,0.6150839328765869,0.09429174661636353,0.6150839328765869,0.29062435030937195
new update ruined the app,negative,negative,0.9627200365066528,0.9627200365066528,0.030763952061533928,0.006516062188893557
a widget would be nice,positive,neutral,0.6494272947311401,0.01893053576350212,0.6494272947311401,0.331642210483551
there are ads now?,neutral,negative,0.5553333759307861,0.5553333759307861,0.366685688495636,0.07798092812299728
difficult when on vacation,positive,neutral,0.8039734959602356,0.07099532335996628,0.8039734959602356,0.12503117322921753
notifications are bonkers. (will give <number> once fixed),negative,neutral,0.6885955929756165,0.15582190454006195,0.6885955929756165,0.15558254718780518
can't add new locations,neutral,neutral,0.7813159227371216,0.11736999452114105,0.7813159227371216,0.10131412744522095
nice tool for inter-team communication,positive,positive,0.925663411617279,0.008816062472760677,0.06552049517631531,0.925663411617279
it's download video very fast and all other thing,positive,positive,0.8807124495506287,0.016124920919537544,0.10316265374422073,0.8807124495506287
"veru useful app only when used with its <number> rd-party integrations, yet flock is much better alternative for having more free features.",positive,neutral,0.6051622033119202,0.030566295608878136,0.6051622033119202,0.36427152156829834
doesn't <url> i'll go on other apps and the tree still <url> little i inventive to actually stay off the phone,negative,negative,0.6998128294944763,0.6998128294944763,0.27765339612960815,0.022533763200044632
"when ever i update app,it won't work and i lost my all data many times",negative,negative,0.9577770829200745,0.9577770829200745,0.036396339535713196,0.005826649721711874
doesn't work much! where's the <number> version???,negative,negative,0.9463231563568115,0.9463231563568115,0.04694734513759613,0.006729507818818092
nice app fast downloading,positive,positive,0.9113221168518066,0.007214793935418129,0.08146306127309799,0.9113221168518066
"the app is great, it's fun and helpful, tho when you click the home button, it doesn't die. you could fix that",positive,positive,0.8957161903381348,0.010375704616308212,0.09390805661678314,0.8957161903381348
"easy to use, always <url> when you book thrue them, they will charge you too much.",neutral,positive,0.9096543788909912,0.010511952452361584,0.07983367890119553,0.9096543788909912
there is no jump to page option so you have to flip through every single page! its a big waste of time.,negative,negative,0.9613842368125916,0.9613842368125916,0.03293261677026749,0.005683245602995157
great and easy to use,positive,positive,0.9131702780723572,0.02013937197625637,0.06669027358293533,0.9131702780723572
"cloud subscription, no <signature>",negative,negative,0.9185680747032166,0.9185680747032166,0.0704624131321907,0.010969512164592743
great app to focus!,positive,positive,0.907773494720459,0.022656908258795738,0.06956954300403595,0.907773494720459
pay when you arrive. err no,neutral,negative,0.8381338715553284,0.8381338715553284,0.1453513652086258,0.016514768823981285
great apps for great team,positive,positive,0.9157946705818176,0.022894177585840225,0.06131110340356827,0.9157946705818176
i like the appl because it connect me to a lot of people in my office,positive,positive,0.8889932632446289,0.010092324577271938,0.10091440379619598,0.8889932632446289
can't open my bbm after updated,negative,negative,0.9507425427436829,0.9507425427436829,0.04314686357975006,0.0061106295324862
cannot use for flash <url>,neutral,negative,0.7071438431739807,0.7071438431739807,0.2709786891937256,0.021877430379390717
won't work with my text messages and have to start a new conversation to use it in messenger,neutral,negative,0.9577953219413757,0.9577953219413757,0.0366407111287117,0.0055639781057834625
it crashes every time,positive,negative,0.9273290038108826,0.9273290038108826,0.06256407499313354,0.010106961242854595
great app for group family communication across multiple types of devices and countries,positive,positive,0.9274923205375671,0.02029617317020893,0.05221153423190117,0.9274923205375671
it was great radar sucks now,negative,negative,0.9663665890693665,0.9663665890693665,0.02786855213344097,0.0057648830115795135
missing a tablet version,neutral,neutral,0.6671804189682007,0.2050141841173172,0.6671804189682007,0.1278054118156433
the browser is used very fast connecting browser,positive,positive,0.6663457751274109,0.04759511351585388,0.28605917096138,0.6663457751274109
i want a etc wallet that's all i want to invest <url>,negative,neutral,0.4965650141239166,0.11078251898288727,0.4965650141239166,0.3926524221897125
not so much but good,positive,neutral,0.771287202835083,0.017972785979509354,0.771287202835083,0.2107400745153427
well the app is kinda <url>,positive,neutral,0.5691514611244202,0.034127622842788696,0.5691514611244202,0.39672091603279114
the program is very slow and can be unresponsive. there is no bookmake setting. pages take a very long time to load even when zooming in and out.,negative,neutral,0.659278392791748,0.30502253770828247,0.659278392791748,0.035699013620615005
totally invasive and inappropriate for development. it kept people talking for every detail for hours. kill innovation and efficiency. cannot replace skype so another chat cheater. a waist of time in communication. one good point if you can make your competitors to use it. they will collapse.,negative,negative,0.9636484384536743,0.9636484384536743,0.03035203367471695,0.005999450571835041
i love it. but i think it would be better to add angle correction as well is needed sometimes and i don't like having to use other apps to do this.,neutral,positive,0.8108501434326172,0.01339966244995594,0.17575019598007202,0.8108501434326172
the emoticon not <url> :'(,neutral,neutral,0.6443349719047546,0.2172832190990448,0.6443349719047546,0.13838179409503937
good app. had full version but they took it away. would like it back. radar not working. layers are not working. must be a weather bug.,neutral,neutral,0.5741709470748901,0.3615504801273346,0.5741709470748901,0.06427857279777527
can't import my booking? what's the point of getting this app? anyone?,negative,negative,0.8270484209060669,0.8270484209060669,0.15713025629520416,0.015821292996406555
"the app sometimes gets stuck on a certain temperature and you have to actually click on the app to get the correct temperature to pop up, but at least with this app i can actually get the <number> -day and hourly forecast pages to load which is something i can't get with accuweather. so i guess what i'm saying is it's probably the <signature>",positive,neutral,0.5231488347053528,0.03661273047327995,0.5231488347053528,0.44023841619491577
"great, but occasionally crashes",positive,positive,0.6326490640640259,0.0527101568877697,0.3146408200263977,0.6326490640640259
"crap, takes ages to loads and lags on all docs, standard pdf viewer much better",negative,negative,0.9498485922813416,0.9498485922813416,0.043532297015190125,0.006619139574468136
it stops working frequently,neutral,negative,0.5090000629425049,0.5090000629425049,0.4308374524116516,0.06016244739294052
like it more than most weather apps i've tried. would recommend!,positive,positive,0.8380919098854065,0.007645945996046066,0.15426206588745117,0.8380919098854065
stupid trees. too much green. too cute. memory hog. deleted it.,negative,negative,0.9629952311515808,0.9629952311515808,0.031154688447713852,0.005850108806043863
plz add readout loud feature in application,positive,positive,0.5384111404418945,0.0385255329310894,0.42306333780288696,0.5384111404418945
"give error, stuck onopening",negative,negative,0.9006238579750061,0.9006238579750061,0.08873102068901062,0.010645106434822083
the radar map only shows past not current,neutral,negative,0.7530089020729065,0.7530089020729065,0.21754829585552216,0.02944279834628105
"the worst, the most bugged app that i've ever seen in my life! always crashing for no reason!",negative,negative,0.9685910940170288,0.9685910940170288,0.024943653494119644,0.006465289741754532
this does not work with my phone i exited the app for ages and my tree still grew.,negative,negative,0.9639301896095276,0.9639301896095276,0.030437106266617775,0.005632697604596615
the application is too slow. sometimes it just wont select the options.,neutral,neutral,0.8370111584663391,0.08818545937538147,0.8370111584663391,0.07480336725711823
useless doesn't open email attachments on lg optimus,negative,negative,0.9642960429191589,0.9642960429191589,0.029982075095176697,0.005721874535083771
its a very good app,positive,positive,0.8201695680618286,0.008315973915159702,0.17151451110839844,0.8201695680618286
good up to date service,neutral,positive,0.5864905118942261,0.009525773115456104,0.4039837121963501,0.5864905118942261
luv it but u should allow us <number> make more than one character then i'll give u <number>  's,neutral,neutral,0.7325515151023865,0.035926226526498795,0.7325515151023865,0.23152227699756622
"app does what it has to do, but would it be possible to implement a harder way to cancel the growth of your tree? now it takes about <number> seconds. you could make another cancel button which you have to press for <number> minute without releasing it to unlock your phone. gives you time to think if you really need to unlock it. <signature>",neutral,neutral,0.7782450318336487,0.05382479354739189,0.7782450318336487,0.1679302304983139
need full raw hdr for lg v <number> !!!,neutral,neutral,0.7727890610694885,0.06893085688352585,0.7727890610694885,0.158280149102211
it wont even let me log in!!!,negative,negative,0.9660263657569885,0.9660263657569885,0.02811865322291851,0.005854894872754812
wouldn't search any locations.,negative,negative,0.9415081739425659,0.9415081739425659,0.050945933908224106,0.00754592614248395
new version is not intuitive.,negative,neutral,0.5818455219268799,0.2961125373840332,0.5818455219268799,0.1220419630408287
image previews don't work,positive,negative,0.8683336973190308,0.8683336973190308,0.11792799085378647,0.013738254085183144
"its great, just too many ads",positive,positive,0.7451796531677246,0.04934375360608101,0.2054765373468399,0.7451796531677246
radar has stopped working,negative,negative,0.9323181509971619,0.9323181509971619,0.05661163479089737,0.011070242151618004
has been treating me well for years,positive,positive,0.7488258481025696,0.058376800268888474,0.19279737770557404,0.7488258481025696
animated radar not working,negative,negative,0.9268121123313904,0.9268121123313904,0.06266061961650848,0.010527336038649082
problems with internet connection s <number> edge,neutral,neutral,0.5624364614486694,0.3746187388896942,0.5624364614486694,0.06294478476047516
"another login and account needed, mediocre editing",negative,negative,0.6297155618667603,0.6297155618667603,0.3372438848018646,0.033040549606084824
i need a tab for news language i don't want it to be default for the place i live in my native language may be different. please look into it,positive,neutral,0.7005699276924133,0.08681375533342361,0.7005699276924133,0.21261632442474365
"idea is nice, <url>",neutral,neutral,0.6533227562904358,0.0233691968023777,0.6533227562904358,0.3233080804347992
useless and hang in itself,negative,negative,0.968532383441925,0.968532383441925,0.024544868618249893,0.006922712549567223
lagging on nvidia shield tablet,neutral,neutral,0.6742850542068481,0.23933961987495422,0.6742850542068481,0.08637530356645584
less taps &gt; more taps is not always true! this update clutters up the mobile app and looks horrible! bring back the drop down menu.,positive,negative,0.9553584456443787,0.9553584456443787,0.03866169974207878,0.005979848559945822
great mobile app for a great platform,positive,positive,0.9030240178108215,0.026468412950634956,0.07050758600234985,0.9030240178108215
easiest way to keep all my accommodation details with me when i travel.,positive,positive,0.8444867730140686,0.008709829300642014,0.14680343866348267,0.8444867730140686
"there is no way to search or jump to the pages i want. so, in a <number> page document, i have to page down until i get to where i want. very poor!",neutral,negative,0.9671149253845215,0.9671149253845215,0.02662820927798748,0.006256910506635904
crashes on z <number> compact,neutral,negative,0.553528368473053,0.553528368473053,0.3926343023777008,0.05383729189634323
"can't delete any of the pdf files! someone ,help mytouch <number> g",neutral,neutral,0.6641385555267334,0.09780970960855484,0.6641385555267334,0.23805171251296997
somethings wrong with this app,positive,negative,0.7398943901062012,0.7398943901062012,0.2379751354455948,0.02213050238788128
well organized app. offers better deals than the hotel itself.,positive,positive,0.9250650405883789,0.01385471224784851,0.06108028069138527,0.9250650405883789
faster than other app,positive,positive,0.6442716717720032,0.0334886834025383,0.32223960757255554,0.6442716717720032
"decent, but needs ability to define custom notification sound. the built-in ones are too quiet and the 'device default' is too general.",positive,neutral,0.6666324734687805,0.022744113579392433,0.6666324734687805,0.3106233775615692
"if you have difficulties staying focussed, then this is definitely the app for you. as trivial as it sounds, there's a real sense of satisfaction in seeing your forest grow the more time you log. the only thing i would say which could be added is social email support or facebook integration, which i believe is already a feature on the ios version. some of my friends are using it too, and seeing their forests grow (perhaps even on some kind of map next to mine?) would add an element of healthy competition!",positive,positive,0.6121532917022705,0.02105391025543213,0.36679279804229736,0.6121532917022705
would be better with out ads,positive,neutral,0.6519845128059387,0.04891325160861015,0.6519845128059387,0.29910221695899963
<number> star 'coz why we have to request hd quality picture first? oh <url> nobody need bad quality picture. washing <url> another chat app more better !!,neutral,neutral,0.6180493235588074,0.2142864167690277,0.6180493235588074,0.1676642745733261
"my screen goes off, but when i unlock my phone, my tree dies. makes the app pointless as it forces me to keep the screen on which is distracting. great concept though.",neutral,neutral,0.5944059491157532,0.03926120325922966,0.5944059491157532,0.36633285880088806
it will be better if the apps allow users to listen music while studying or doing their things,positive,neutral,0.5959597229957581,0.018730398267507553,0.5959597229957581,0.3853099048137665
the app is free on android but why can't i use my new unlocked tree?!,negative,neutral,0.6091556549072266,0.25368162989616394,0.6091556549072266,0.13716274499893188
"not ideal, but better than a few other ""freeware"" options there with lots of adds or crappy ui.",positive,neutral,0.8353409171104431,0.042728181928396225,0.8353409171104431,0.12193088233470917
add break or pause option plz,positive,neutral,0.5729863047599792,0.01893356814980507,0.5729863047599792,0.4080801010131836
good effort <url> try to send correct notification of the news or story.,positive,positive,0.7333256602287292,0.0077720400877296925,0.25890231132507324,0.7333256602287292
doesn't work keeps saying bad internet connection but all other apps work.,negative,negative,0.6145904064178467,0.6145904064178467,0.35801786184310913,0.027391791343688965
did not install this app. all i did was update my phone and it was there and i can delete it! very annoying!!!,negative,negative,0.945964515209198,0.945964515209198,0.047697100788354874,0.0063383192755281925
last updates causing problems.,neutral,negative,0.5124769806861877,0.5124769806861877,0.448845773935318,0.03867720812559128
"stupid app many many ads ,don't download this app",negative,negative,0.9671375751495361,0.9671375751495361,0.0274093896150589,0.005453113466501236
too much buz for nothing so special.,negative,neutral,0.6303861141204834,0.24456244707107544,0.6303861141204834,0.12505139410495758
simple but effective app to end smartphone addiction,positive,positive,0.8320100903511047,0.009185372851788998,0.1588045209646225,0.8320100903511047
technology at its <signature>,positive,positive,0.791191041469574,0.04421301558613777,0.16459588706493378,0.791191041469574
"editing is all about precision, of which this isn't good at. trying to crop is like throwing stones at a picture frame on a wall and hoping it sticks. when you get it you accidently press another button and all the work is <url> still needs some refining",neutral,neutral,0.7786111831665039,0.04783095046877861,0.7786111831665039,0.17355786263942719
used to love <url>,neutral,negative,0.7931259870529175,0.7931259870529175,0.1855810135602951,0.02129298821091652
bbm is really gud,positive,neutral,0.49866199493408203,0.21015393733978271,0.49866199493408203,0.29118406772613525
still a good app,neutral,neutral,0.5525522828102112,0.014098113402724266,0.5525522828102112,0.4333495795726776
"looks nice but the live radar always zooms in to close, i like to see the entire area around my location.",positive,positive,0.8424205183982849,0.009821082465350628,0.14775842428207397,0.8424205183982849
creeping permissions. no <signature>,negative,negative,0.9173505902290344,0.9173505902290344,0.0716129019856453,0.011036546900868416
don't expect to be productive on the tube,negative,neutral,0.4911273717880249,0.46875208616256714,0.4911273717880249,0.04012056812644005
huge apo. does not have move to sd card. standard reader v. good. uninstalling.,negative,negative,0.950114369392395,0.950114369392395,0.04263175651431084,0.0072539490647614
too many push and price not clear,neutral,negative,0.598746657371521,0.598746657371521,0.36489638686180115,0.036357004195451736
great app but updated the app but the bug is still there where the animation plays without accessing the app so you have to tap screen to gain access to home screen. that bug has been there forever please fix!,neutral,neutral,0.6014675498008728,0.15564563870429993,0.6014675498008728,0.24288678169250488
like it but need better notification settings,positive,positive,0.5414060354232788,0.013239488005638123,0.4453544616699219,0.5414060354232788
being a motorcycling enthusiast i like to know where the rain is and what direction it's heading.,positive,positive,0.869993269443512,0.020746225491166115,0.10926055908203125,0.869993269443512
radar no longer works,negative,negative,0.9670663475990295,0.9670663475990295,0.026770910248160362,0.006162810605019331
why i cannot play my download video?,neutral,neutral,0.5650849938392639,0.3217085897922516,0.5650849938392639,0.1132063940167427
as an alternative in contacting people,positive,positive,0.6781763434410095,0.01887054741382599,0.30295315384864807,0.6781763434410095
crashes all the time tells you there is no memory even on sd card. won't let you use if you decline push notifications,negative,negative,0.9175565838813782,0.9175565838813782,0.07468610256910324,0.007757323328405619
what's the point?,negative,negative,0.9049768447875977,0.9049768447875977,0.08216854184865952,0.012854589149355888
"i used to really love this browser but now it's just annoying .when i download files sometimes it tells me ""file doesn't exist"" and i have to redownload ,plus it lags .",negative,neutral,0.6621440649032593,0.29025593400001526,0.6621440649032593,0.04759995639324188
its good but i think it should add like fortnite emojis or other characters,positive,positive,0.508712887763977,0.009018449112772942,0.48226872086524963,0.508712887763977
its good but now a days it slow,neutral,neutral,0.6500261425971985,0.012034568935632706,0.6500261425971985,0.3379392921924591
"the emojis you can make out of it are great! however, it would be nice to implement the character doing different kinds of sports. also the app didn't have my face shape, hairstyle, and the mouth was too big for me. basically i had to go with what i could find that looked the most like me, and a bunch of people still thought that the bitmoji looked nothing like me. something else i'd like to add is that maybe for the female character, put some outfits that are t-shirts and moderate shorts, not just short shorts. i couldn't find my usual attire because of that. overall, my bitmoji only looks a bit like me so if you guys can change the face, costumes, and facial features to let more people have an accurate character, it'd be great. <signature>",positive,positive,0.8096618056297302,0.011588028632104397,0.1787501871585846,0.8096618056297302
throw this app to garbage,negative,negative,0.9670609831809998,0.9670609831809998,0.026734964922070503,0.006204037461429834
very nice and helpful <url> luving <url>,positive,positive,0.9031463265419006,0.00984950177371502,0.08700419962406158,0.9031463265419006
it will be better if there will be option to archive a chat,positive,neutral,0.6605396866798401,0.01673034206032753,0.6605396866798401,0.3227299749851227
requesting to build a bigger forest!,positive,negative,0.7033153772354126,0.7033153772354126,0.2544546127319336,0.042230021208524704
stop the stupid ads,negative,negative,0.7936192154884338,0.7936192154884338,0.17309829592704773,0.03328246250748634
spark lightening no longer working,neutral,negative,0.9001582264900208,0.9001582264900208,0.0861237496137619,0.013718091882765293
"slowly slowly you are making it worst app but it's your app you can do anything after all you are communist. see i don't like your inbuilt pdf viewer,video viewer app so allow user to use apps like adobe pdf reader and mx <url> and the new problem is the facebook video is not working <url> earlier i have given <number> star rating but now you are decreasing quality <url>",negative,negative,0.8450719118118286,0.8450719118118286,0.1355731040239334,0.019354967400431633
doesn't export my photos most of the time,neutral,neutral,0.4951743483543396,0.46952202916145325,0.4951743483543396,0.03530363738536835
still need to improve,positive,positive,0.5417534112930298,0.019304201006889343,0.43894240260124207,0.5417534112930298
no philippine peso currency?,neutral,negative,0.7130017876625061,0.7130017876625061,0.2489219307899475,0.03807626664638519
"i downloaded this app specifically to merge photos together on my backpacking adventures whilst eliminating the need for a laptop. sadly, it does not have the function to merge photos for panoramic or hdr.",neutral,neutral,0.5757744908332825,0.36989066004753113,0.5757744908332825,0.054334916174411774
"pretty effective but i just noticed it doesn't pick up the usage of one of my most distracting apps (bacon reader for reddit). i was on it and thought oh no my tree! opened up to find it wasn't triggered. double checked my white list etc, everything was proper. if it doesn't block that it becomes pretty useless in my eyes",positive,neutral,0.5392272472381592,0.03471267968416214,0.5392272472381592,0.42606011033058167
"awesome app. it would be sooo useful to have one button access to the lastest posts accross all channels and all workgroups, i find im spending much time digging around for the latest posts.",positive,positive,0.8864245414733887,0.01285463199019432,0.10072078555822372,0.8864245414733887
its good and so easy to use,positive,positive,0.8011813759803772,0.0071568796411156654,0.19166167080402374,0.8011813759803772
this isn't as good as it's siblings,negative,neutral,0.6893200874328613,0.2411244958639145,0.6893200874328613,0.0695553794503212
app is good service,neutral,positive,0.5468503832817078,0.010843610391020775,0.4423059821128845,0.5468503832817078
app thinks i am a man :'),negative,neutral,0.5563806891441345,0.23798230290412903,0.5563806891441345,0.20563700795173645
will not work correctly. i tryed to set the map in motion and it will not move!,negative,negative,0.9617114663124084,0.9617114663124084,0.032014939934015274,0.006273583974689245
super cute but kind of difficult to use on the spot.,positive,positive,0.7333124876022339,0.017085857689380646,0.24960166215896606,0.7333124876022339
"nice, but couldn't find night mode.",positive,neutral,0.5034052133560181,0.01429123617708683,0.5034052133560181,0.48230355978012085
"insanely unreliable - wont let me accept invites to other workspaces nor will this application even show me the invite - login inconsistency, i can auto-login with the app but when i type my password in non-app login screens it wont work. its the same password i use for other applications and i successfully login each time.",negative,negative,0.9523078799247742,0.9523078799247742,0.0418560653924942,0.005836059805005789
cant search without creating an account! they need your email so the can sell it to spammers! unistall!,negative,negative,0.9669005870819092,0.9669005870819092,0.0276037584990263,0.005495605058968067
only good not <signature>,neutral,neutral,0.7246960401535034,0.024135923013091087,0.7246960401535034,0.25116804242134094
it is a waste app and waste of time. it is only useful for downloading the movies,positive,negative,0.9581031799316406,0.9581031799316406,0.035937950015068054,0.005958883091807365
it's fast and i can always use it to download,positive,positive,0.8813156485557556,0.010887423530220985,0.10779696702957153,0.8813156485557556
have to use and see,neutral,negative,0.6350305080413818,0.6350305080413818,0.32086801528930664,0.04410146549344063
good but some issues,positive,neutral,0.6123469471931458,0.012189570814371109,0.6123469471931458,0.37546348571777344
plz see sex movies it's nice in this,neutral,positive,0.5306821465492249,0.02141587994992733,0.44790202379226685,0.5306821465492249
wont open. it always crashes and my phone reports it having multiple errors in <number> week,negative,negative,0.962022602558136,0.962022602558136,0.03214786574244499,0.005829480476677418
fcs on a <number> page pdf. really?! even on my stock evo that's awesome? this reminds me of flash player on my laptop- always causing problems. adobe = crap,negative,negative,0.4646490216255188,0.4646490216255188,0.4579508304595947,0.07740012556314468
"the worst app ever can't download a single <url> my downloads have been ""unsuccessful""",negative,negative,0.970391571521759,0.970391571521759,0.023478010669350624,0.006130486726760864
needs text search and in-document link support.,neutral,neutral,0.7394009232521057,0.021156057715415955,0.7394009232521057,0.23944303393363953
it's a great app. love it and good job,neutral,positive,0.9094405770301819,0.01968126930296421,0.07087812572717667,0.9094405770301819
"sometimes wonky when on wifi, but that could be internet connection issue. also wants to have high accuracy location on which will drain your phone quickly.",neutral,neutral,0.7453212738037109,0.04085215553641319,0.7453212738037109,0.21382656693458557
why am i now seeing ads? lame!,negative,negative,0.9296526312828064,0.9296526312828064,0.0617467425763607,0.008600611239671707
you had one job,positive,negative,0.807796061038971,0.807796061038971,0.16251686215400696,0.02968715690076351
"it would be nice if there was an option to record voice messages.    nuisance: when i press 'backwards' in my android, i am thrown out of the app, instead of going backwards to the messages list.    nuisance: i don't see a list of last messaged people in chronological order but randomly. this drives me <url>",neutral,neutral,0.7027804851531982,0.01819787174463272,0.7027804851531982,0.279021680355072
not replacement for the desktop app,neutral,neutral,0.6794410347938538,0.10714772343635559,0.6794410347938538,0.21341125667095184
great app to communicate with family and friends.,positive,positive,0.9227800965309143,0.019192947074770927,0.0580269992351532,0.9227800965309143
best chat application ever,neutral,positive,0.8974372744560242,0.018104808405041695,0.08445793390274048,0.8974372744560242
good app bt needs new features,neutral,neutral,0.541111171245575,0.010086958296597004,0.541111171245575,0.44880184531211853
it requires access permission n i dont know from where to turn on so can u plz tell m!!,neutral,negative,0.9232236742973328,0.9232236742973328,0.06968781352043152,0.0070885177701711655
uffff!!!! plzz don't downloaded this,negative,negative,0.9319179058074951,0.9319179058074951,0.06031811982393265,0.007764005102217197
good <url> lacks some essential features,positive,neutral,0.7508152723312378,0.014153776690363884,0.7508152723312378,0.23503099381923676
"the app is ok but the camera should no have any sound when you take photos, that problem is quite annoying",neutral,neutral,0.82840895652771,0.02926628477871418,0.82840895652771,0.14232482016086578
installation corrupts gmail db on n <number> android <number> . <number>,negative,negative,0.8790642619132996,0.8790642619132996,0.10877539217472076,0.012160367332398891
i think it's a great start app!,positive,positive,0.8753533363342285,0.014419004321098328,0.11022764444351196,0.8753533363342285
radar has been freezing and not moving for last month. deleted it after all this time. pos!!!,negative,negative,0.9659738540649414,0.9659738540649414,0.0285504087805748,0.005475722718983889
ok till it goes wrong,neutral,neutral,0.780255913734436,0.030862873420119286,0.780255913734436,0.18888114392757416
i rely on weatherbug every day.,positive,positive,0.8096986413002014,0.02945273369550705,0.16084861755371094,0.8096986413002014
"love this app, especially the lightening strike tracker.",positive,positive,0.9003672003746033,0.027901440858840942,0.07173128426074982,0.9003672003746033
there's still more to it.,positive,neutral,0.5229148864746094,0.08171509206295013,0.5229148864746094,0.3953700065612793
very basic and subscription based,negative,positive,0.5095126628875732,0.11079040914773941,0.37969690561294556,0.5095126628875732
no words great app,positive,negative,0.8195387721061707,0.8195387721061707,0.15734584629535675,0.02311536855995655
"im not use as well, i think it is bad application, i dont like.",negative,negative,0.6606612801551819,0.6606612801551819,0.3151073157787323,0.02423136495053768
keeps saying photos not found whwn trying to send/ attach to people. using a note <number> <url> its not <url> it <url> pwrfect for what application i needed it for. will try again when i get new phone in a couple weeks.,negative,negative,0.7255232334136963,0.7255232334136963,0.25296905636787415,0.02150769717991352
helpful for book reading,positive,positive,0.9079869389533997,0.007503214757889509,0.08450986444950104,0.9079869389533997
sometimes slow but yet efficient.,positive,positive,0.7121726870536804,0.01141194999217987,0.2764154076576233,0.7121726870536804
for some reason the keyboard doesn't work on my phone. and i can't do couple's bitmojis with my wife. but it's fun to use with her anyhow,positive,positive,0.5726811289787292,0.014017838053405285,0.4133010804653168,0.5726811289787292
make anoying bc different ring with chat ring,neutral,positive,0.7082118391990662,0.04179530218243599,0.24999281764030457,0.7082118391990662
"please make the browser application sync-able with android phones. i was able to sync a few days ago, but now it only syncs with an ios account.",positive,neutral,0.7318315505981445,0.1241074800491333,0.7318315505981445,0.14406099915504456
great app. would have been a <number> if avatar could be edited,neutral,positive,0.7632074952125549,0.048364948481321335,0.18842759728431702,0.7632074952125549
poor cousin to the desktop app,neutral,negative,0.8853152394294739,0.8853152394294739,0.10180840641260147,0.012876340188086033
i get notification for update but i can't update my bbm. please fix it.,neutral,neutral,0.749670684337616,0.10788639634847641,0.749670684337616,0.14244294166564941
it wont let me download its saying it is but not getting it,negative,negative,0.912347674369812,0.912347674369812,0.07934988290071487,0.008302433416247368
force closed zenfone <number>,negative,negative,0.9187124371528625,0.9187124371528625,0.06563841551542282,0.0156492181122303
cloud service only idea bites,negative,neutral,0.6406870484352112,0.1405172497034073,0.6406870484352112,0.21879561245441437
i can't sign <url> :'(,neutral,negative,0.5155529379844666,0.5155529379844666,0.4263564348220825,0.058090560138225555
horrible for one reason,negative,negative,0.9581345915794373,0.9581345915794373,0.0346088781952858,0.007256525103002787
<salutation> opening unwanted liks,negative,negative,0.7908275723457336,0.7908275723457336,0.179702490568161,0.029469965025782585
won't let me end chat,negative,negative,0.802886962890625,0.802886962890625,0.18100674450397491,0.01610621064901352
"nice, but flow could be better.",positive,positive,0.5634449124336243,0.00974337663501501,0.42681172490119934,0.5634449124336243
it just froze up a few days <url> doesn't work at all when i click on it,negative,negative,0.9289062023162842,0.9289062023162842,0.0634148046374321,0.007678993511945009
the news which displays on the welcome page is very annoying and vulgar have to be very careful when giving it to the children's at home to surf the internet and we had to use other browser in front of others as your front page containt all the vulgarity in news most of the people don't know how to disable news. the option should be visible on the front screen itself,negative,negative,0.6954964995384216,0.6954964995384216,0.27692291140556335,0.027580568566918373
seems impossible to make a review,neutral,neutral,0.8366653323173523,0.09326910972595215,0.8366653323173523,0.07006551325321198
reflow doesn't let you move from what's on the screen. no option to go to specific pages directly (really? scroll through a <number> + page book everytime?),neutral,neutral,0.5854275226593018,0.3738391101360321,0.5854275226593018,0.04073335602879524
low score due to the lack of a dark theme/night mode in <number> !,neutral,negative,0.6173757314682007,0.6173757314682007,0.3517867922782898,0.030837493017315865
"no floating head, why",negative,neutral,0.6397505402565002,0.2653876543045044,0.6397505402565002,0.09486176073551178
bad on sms blocking,neutral,negative,0.7995606064796448,0.7995606064796448,0.1819019764661789,0.018537353724241257
hated the new update,negative,negative,0.9544298648834229,0.9544298648834229,0.0391954742372036,0.006374660413712263
i find it a bit odd that the app doesn't automatically open a file. i have to go to the app and open the file from there.,positive,neutral,0.7820669412612915,0.023903580382466316,0.7820669412612915,0.19402943551540375
the weather people are always wrong they suck,negative,neutral,0.5049457550048828,0.4238654375076294,0.5049457550048828,0.07118874043226242
"no ""go to page"" feature? really?",neutral,negative,0.7279878854751587,0.7279878854751587,0.24602581560611725,0.02598629891872406
caused ipad safari to stop working,negative,negative,0.8733370304107666,0.8733370304107666,0.10752762854099274,0.01913539506494999
it's a good app to communicate with team instantly,positive,positive,0.8538545966148376,0.006496240850538015,0.13964922726154327,0.8538545966148376
garbage. worthless app. i hope someone comes up with one better and more organized for people use. makes no sense. cant navigate. not worth the headache.,negative,negative,0.9688103199005127,0.9688103199005127,0.0248942319303751,0.006295402534306049
good but seems to be a battery drainer on lollipop,neutral,neutral,0.6481145620346069,0.016969259828329086,0.6481145620346069,0.3349160850048065
like the funny <url>,positive,positive,0.6190072298049927,0.0192219577729702,0.3617708086967468,0.6190072298049927
"useless app, doesn't work as described",negative,negative,0.9681710004806519,0.9681710004806519,0.02594742365181446,0.005881534423679113
pdf viewer works much smoother and loads faster,negative,neutral,0.6842949390411377,0.05057230219244957,0.6842949390411377,0.26513272523880005
awesome app with awful ux,neutral,negative,0.4871182441711426,0.4871182441711426,0.3756071627140045,0.1372746080160141
<salutation> why most of the time. when i finish downloading video and going to play it. it says failed to open its not like this before using old version.,negative,neutral,0.5933996438980103,0.3172595500946045,0.5933996438980103,0.08934076875448227
couldn't get edited photos out of lightroom!,negative,negative,0.9248598217964172,0.9248598217964172,0.06652013957500458,0.008620090782642365
the update sucks!!! i lost all the trees i previously unlocked.,negative,negative,0.9637563824653625,0.9637563824653625,0.03069915808737278,0.00554445618763566
the cancellations are confusing and the will double charge,neutral,neutral,0.7694583535194397,0.13121512532234192,0.7694583535194397,0.09932650625705719
"great, but eset is going off",positive,positive,0.6241273283958435,0.04100867733359337,0.3348639905452728,0.6241273283958435
it is too slow app.,negative,neutral,0.5512250065803528,0.39908039569854736,0.5512250065803528,0.049694593995809555
good & need more development options,neutral,positive,0.5395612716674805,0.009385383687913418,0.45105329155921936,0.5395612716674805
browsing fast but before download its doing re direct and suggest an other app.,positive,neutral,0.7861387133598328,0.04722513258457184,0.7861387133598328,0.1666361689567566
please fix as soon as <url> cannot send message n dont have received feeds,negative,negative,0.535741925239563,0.535741925239563,0.4142950475215912,0.049962978810071945
too many ads dude,negative,negative,0.6562385559082031,0.6562385559082031,0.29735907912254333,0.04640236496925354
through this app i get amazing deals,positive,positive,0.9045045971870422,0.028755510225892067,0.06673986464738846,0.9045045971870422
very helpful & useful for media <url>,positive,positive,0.9137116074562073,0.009965812787413597,0.07632257044315338,0.9137116074562073
very helpful the apps,positive,positive,0.9186163544654846,0.009779057465493679,0.07160454988479614,0.9186163544654846
update screwed the app over,negative,negative,0.9556667804718018,0.9556667804718018,0.03775070980191231,0.006582564674317837
i love the variety of fashion styles this app offers. really digging on the poses & emotion statements. emoji id me. a ok,positive,positive,0.9230974912643433,0.01604454591870308,0.06085792928934097,0.9230974912643433
except advertising everything is fine,positive,neutral,0.6159300208091736,0.023314911872148514,0.6159300208091736,0.3607550263404846
does what it's meant to do,positive,neutral,0.7508203983306885,0.0752434954047203,0.7508203983306885,0.17393602430820465
it's bad browsing with opera,positive,neutral,0.5910280346870422,0.35550475120544434,0.5910280346870422,0.05346721038222313
storm warnings are behind. weather warnings just seams to be behind,neutral,neutral,0.5786771178245544,0.30573371052742004,0.5786771178245544,0.11558914184570312
not really but they had an annoying notification getting me to rate the app so,negative,neutral,0.7707814574241638,0.06138947978615761,0.7707814574241638,0.16782905161380768
was better before they started messing with it. but still a bit of silly fun,neutral,neutral,0.6908292174339294,0.07205837965011597,0.6908292174339294,0.23711246252059937
can no longer save locations.,neutral,negative,0.8081018328666687,0.8081018328666687,0.17188528180122375,0.02001284621655941
"i use to like this app. but now the radar animation don't work,and i use to like that. i see it doesn't work for other people either sence the upgrade.",negative,neutral,0.48597434163093567,0.4518992304801941,0.48597434163093567,0.06212645024061203
it works but thats it,neutral,neutral,0.7440019845962524,0.04241090640425682,0.7440019845962524,0.21358714997768402
"next update have any problems after i'm updates its say bbm not responding, and refresh page is take a long time, maybe <number> minutes, why the hell??",neutral,negative,0.6988633275032043,0.6988633275032043,0.2699296474456787,0.03120707906782627
"just downloaded it, and haven't had the chance to use it much.",positive,negative,0.7799083590507507,0.7799083590507507,0.19904263317584991,0.021049024537205696
inferior to the ios version.,neutral,neutral,0.6880044937133789,0.25181910395622253,0.6880044937133789,0.060176409780979156
"this app just simply doesnt care if i have allowed the data access or not. despite completely stopping the access to mobile data and wifi, it still runs in the background, connects with the internet and receives the texts. extremely intrusive and not something to have installed on your phone. if this is how it behaves, then it can't be trusted. uninstalled.",negative,negative,0.9630348086357117,0.9630348086357117,0.031562384217977524,0.005402830429375172
quick booking. many options.,positive,positive,0.9009204506874084,0.008363530039787292,0.09071600437164307,0.9009204506874084
can't jump to pages. up arrow disappears. at least make it optional for up arrow to stay visible all the time. just plain out aggregating to use.,negative,negative,0.6010010838508606,0.6010010838508606,0.36480554938316345,0.034193314611911774
very lag and make my phone so slow,negative,neutral,0.521188497543335,0.43674883246421814,0.521188497543335,0.042062677443027496
useful and stable application <signature>,positive,positive,0.9146636128425598,0.008412761613726616,0.07692363113164902,0.9146636128425598
overall a good app fast downloading and <signature>,positive,positive,0.9117229580879211,0.006589421536773443,0.08168758451938629,0.9117229580879211
good place to work in groups,positive,positive,0.6833040118217468,0.008380023762583733,0.3083159625530243,0.6833040118217468
good application. but needs some improvement,positive,positive,0.5467905402183533,0.008274956606328487,0.44493451714515686,0.5467905402183533
good app but to much fake news and add,negative,neutral,0.5374426245689392,0.017922595143318176,0.5374426245689392,0.4446347653865814
cool idea with severe (ironic) bug,positive,neutral,0.7284408211708069,0.07129304856061935,0.7284408211708069,0.20026615262031555
this app are clearing all data,neutral,negative,0.9542602300643921,0.9542602300643921,0.03819004446268082,0.007549712434411049
good for a waytomake moneyon the side,neutral,neutral,0.5433522462844849,0.014804864302277565,0.5433522462844849,0.4418428838253021
it is very nice app,neutral,positive,0.8382880687713623,0.01020000409334898,0.15151192247867584,0.8382880687713623
"best editing software. ui is easy , but please remove the trial",positive,positive,0.5734318494796753,0.014553346671164036,0.41201484203338623,0.5734318494796753
not visible in app tray!,positive,negative,0.7487607598304749,0.7487607598304749,0.22621358931064606,0.025025615468621254
the only thing i would do different is make this available on facebook i can't access it for my posts. had to uninstall and reinstall as it stopped working.,neutral,negative,0.6349709033966064,0.6349709033966064,0.27688437700271606,0.08814474195241928
"would have been a perfect app excet for the fact that you cant insert the icon into your current text, but have to start a new one(text) <url> , and with every icon!",neutral,positive,0.5139409899711609,0.02235342003405094,0.46370553970336914,0.5139409899711609
some issues in confirming the booking.,neutral,neutral,0.5844429731369019,0.020176874473690987,0.5844429731369019,0.3953801393508911
pls also cover news of intl. importance,neutral,positive,0.7165690064430237,0.08117219805717468,0.20225881040096283,0.7165690064430237
very easy to navigate,positive,positive,0.9208457469940186,0.014513285830616951,0.06464096903800964,0.9208457469940186
won't stop shutting down. reported several times,negative,negative,0.8562522530555725,0.8562522530555725,0.12672995030879974,0.01701783575117588
easy and very helpful,positive,positive,0.9227362275123596,0.009903120808303356,0.06736058741807938,0.9227362275123596
"there is a problem, at least in this version, each time i try to view an already downloaded city guide while i'm online, always displays the search page for hotels <url>",neutral,neutral,0.7735342383384705,0.10757984220981598,0.7735342383384705,0.11888591200113297
i am just downloading the app after completion i'll increase or decrease the rating based on the app performance,neutral,neutral,0.489803284406662,0.45941561460494995,0.489803284406662,0.05078110843896866
"notif now okay, ads still not ok",positive,neutral,0.5330445766448975,0.4092896282672882,0.5330445766448975,0.057665809988975525
"great app, too bad i'm on android.",positive,neutral,0.43288615345954895,0.1472790688276291,0.43288615345954895,0.41983482241630554
"it's is very effective app , but it takes too much time in opening",neutral,positive,0.7514401078224182,0.008878159336745739,0.23968170583248138,0.7514401078224182
same bad it is good for search and for download but it is no to much good when i open uc browser on it home sreen or default and not save language option for my side not good,neutral,neutral,0.7943479418754578,0.13455148041248322,0.7943479418754578,0.07110065221786499
not good for me,negative,negative,0.5308301448822021,0.5308301448822021,0.4238627851009369,0.045307088643312454
it's good for few days later it is not working well,neutral,neutral,0.8219718933105469,0.022176360711455345,0.8219718933105469,0.15585173666477203
"keeps crashing. really looked fwd to checking it out, but crashes all the time. the few times it worked the timer got messed <url> work it out!",neutral,negative,0.87448650598526,0.87448650598526,0.11386198550462723,0.01165144331753254
the worst - yet the only <url> ckck,negative,negative,0.9183207154273987,0.9183207154273987,0.06581226736307144,0.015867020934820175
i love this app!it really helped me! devs keep on fixing and constantly improving on the app. worth any all in app purchases (which are very cheap btw). just missing a widget! &lt;/ <number>,negative,positive,0.8222701549530029,0.052066314965486526,0.12566350400447845,0.8222701549530029
my bbm very slow .. what happen ??,negative,negative,0.7853619456291199,0.7853619456291199,0.1947648972272873,0.01987311616539955
i like booking in my computer,neutral,positive,0.7936841249465942,0.017346128821372986,0.18896977603435516,0.7936841249465942
i like this app,positive,positive,0.7538115978240967,0.020651083439588547,0.2255372703075409,0.7538115978240967
can't do or find anything on the app,negative,negative,0.8077407479286194,0.8077407479286194,0.17817260324954987,0.014086723327636719
why open raw files ?,positive,neutral,0.5805251598358154,0.20145352184772491,0.5805251598358154,0.21802131831645966
"all but useless in europe. slow to update and most features just don't work here at all. added a daily weather report, great! oh wait, it describes only one <url>",negative,neutral,0.5290473103523254,0.33540502190589905,0.5290473103523254,0.13554760813713074
something very wrong with the app,negative,negative,0.8818708062171936,0.8818708062171936,0.10466576367616653,0.01346338726580143
iterate this app more then ads,negative,neutral,0.47708800435066223,0.441786527633667,0.47708800435066223,0.0811254233121872
old seen should not repeat please,neutral,neutral,0.48261237144470215,0.43634119629859924,0.48261237144470215,0.08104639500379562
great app for traveling,positive,positive,0.8981454968452454,0.028729472309350967,0.07312498241662979,0.8981454968452454
was so great <url> but <url>,negative,neutral,0.5520159602165222,0.2578005790710449,0.5520159602165222,0.19018349051475525
it's a nice app,positive,positive,0.7852420210838318,0.0077090938575565815,0.20704886317253113,0.7852420210838318
i love this service,positive,positive,0.661406934261322,0.1501830816268921,0.18841005861759186,0.661406934261322
larry delaney like it,neutral,positive,0.5466495752334595,0.05518660321831703,0.3981638550758362,0.5466495752334595
not working with google messenger,neutral,negative,0.8480045795440674,0.8480045795440674,0.13097649812698364,0.021018898114562035
"i am enjoying the app very much, it was recommended by my nephew and it is everything that he said it would be!!",positive,positive,0.9117565751075745,0.015638194978237152,0.07260522991418839,0.9117565751075745
really only works with small documents and even then runs into freezes on motorola droid. no page jump which for books is necessary,negative,neutral,0.7469822764396667,0.1498267948627472,0.7469822764396667,0.10319096595048904
"i used to really love this app until it started killing my trees just for receiving a notification that i hadn't opened yet. advanced detection is not on. may as well turn the phone off, but i use it for music.",negative,neutral,0.5028391480445862,0.4196575880050659,0.5028391480445862,0.07750329375267029
crashes immediately after startup - can't use it!,negative,negative,0.9621203541755676,0.9621203541755676,0.03172145038843155,0.006158226635307074
can't login to bbm,negative,negative,0.839475154876709,0.839475154876709,0.147654190659523,0.012870692647993565
an very much useful application,positive,positive,0.8964603543281555,0.009411009028553963,0.09412869811058044,0.8964603543281555
works great except a few things,positive,positive,0.83118736743927,0.01564685069024563,0.1531657576560974,0.83118736743927
"<salutation> awful interface lacking any true customisation, yet another chat app that brings nothing new to the table and steals ideas from discord, an exercise in reinventing the wheel which hasn't been updated in years and crashes all the time. also i wouldn't trust this app if you value your privacy. avoid like the plague.",negative,negative,0.9554617404937744,0.9554617404937744,0.03832710534334183,0.006211238447576761
good for editing bad for storage,neutral,neutral,0.6550495028495789,0.024928417056798935,0.6550495028495789,0.3200220763683319
"it's <url> only downside is can't make just any emotion, but overall great",positive,positive,0.8915635347366333,0.007970242761075497,0.1004662737250328,0.8915635347366333
used to work . please fix,negative,negative,0.8292213678359985,0.8292213678359985,0.15331262350082397,0.017466064542531967
it would be great if there's a feature where i can sort my files in folders because it is irritating to find a certain file in my sea of different subjects.,positive,neutral,0.5278156995773315,0.013901523314416409,0.5278156995773315,0.4582827389240265
one thing that uc devs definitely do is to remove ads and news <url> page is annoying if we want to read then will go in news site,negative,neutral,0.6187188029289246,0.2544519305229187,0.6187188029289246,0.12682925164699554
nice to be back,positive,positive,0.7664312720298767,0.01504826545715332,0.21852046251296997,0.7664312720298767
"in all, we have to check this.",neutral,positive,0.6933947205543518,0.044106967747211456,0.2624983489513397,0.6933947205543518
freezes on some files,neutral,neutral,0.7264392971992493,0.17488200962543488,0.7264392971992493,0.09867871552705765
cannot save progress without spending money.,negative,negative,0.8967917561531067,0.8967917561531067,0.09079399704933167,0.012414207682013512
greatly helpful. i like it,positive,positive,0.9280431270599365,0.013233336620032787,0.058723460882902145,0.9280431270599365
can't even spell sydney right,negative,negative,0.9459314346313477,0.9459314346313477,0.0472538098692894,0.006814815569669008
can't even create an account,negative,negative,0.9650891423225403,0.9650891423225403,0.029053490608930588,0.005857355426996946
nice app but you put extra features in this app but app is good,neutral,positive,0.7049684524536133,0.008881050162017345,0.2861504852771759,0.7049684524536133
"good, but better without all those ads like other free messengers such as whatsapp, telegram, etc",neutral,neutral,0.5581622123718262,0.014480877667665482,0.5581622123718262,0.4273568391799927
wow. useless. hated it. <number> stars. (if i <url> ),negative,negative,0.9671822786331177,0.9671822786331177,0.026747798547148705,0.006069911178201437
"bloated, glorified chat. i use it because my company obliges me to do so.",negative,neutral,0.46072399616241455,0.40082186460494995,0.46072399616241455,0.13845421373844147
it dors ansolutely nothing. wastef my time!,negative,negative,0.9565165638923645,0.9565165638923645,0.03729299455881119,0.006190452724695206
superb editing in this,neutral,positive,0.9257295727729797,0.012256141752004623,0.06201431155204773,0.9257295727729797
"generally very good & helpful, with some good prices. free cancellation option is extremely useful.",positive,positive,0.9205113649368286,0.007470226846635342,0.07201845198869705,0.9205113649368286
"the ""i'm listening to"" <url>",positive,neutral,0.4264529347419739,0.15730926394462585,0.4264529347419739,0.41623780131340027
"solid app, but lacking in the tablet ux area",positive,neutral,0.804531455039978,0.0561208613216877,0.804531455039978,0.13934770226478577
let people to create more characters,neutral,positive,0.6727001070976257,0.023180508986115456,0.30411943793296814,0.6727001070976257
app is good brower is so fast but news section in uc brower is the worst thing in the world,neutral,neutral,0.6894271969795227,0.17385876178741455,0.6894271969795227,0.13671407103538513
"it is good easy to use , but why i have to download opera browser to download any videos from uc browser please fix this problem .",neutral,neutral,0.6579430103302002,0.014490067958831787,0.6579430103302002,0.327566921710968
it worked better before the <url> anything posted is hard to see and get to.,neutral,neutral,0.484007328748703,0.4576815664768219,0.484007328748703,0.058311063796281815
can't apply for instagram. please updated,neutral,negative,0.8820740580558777,0.8820740580558777,0.1081009954214096,0.009824938140809536
image size goes from <number> mb to <number> kb else fine.,neutral,neutral,0.7672375440597534,0.062077105045318604,0.7672375440597534,0.17068539559841156
please enable apps <number> sd immediately. <signature>,negative,neutral,0.6167433857917786,0.14034798741340637,0.6167433857917786,0.24290864169597626
like the app but the don't update rainfall very often.,positive,neutral,0.5756056308746338,0.029436450451612473,0.5756056308746338,0.39495792984962463
i liked <url> the size of this app is <url> is better,positive,positive,0.7209063768386841,0.022064004093408585,0.25702956318855286,0.7209063768386841
this app is extremely bloated. for the functionality provided it should fit within <number> mb without issues.,negative,negative,0.4870622158050537,0.4870622158050537,0.46955808997154236,0.04337973892688751
half assed. uninstall! droid ally,negative,negative,0.9680349826812744,0.9680349826812744,0.026071421802043915,0.005893571302294731
quite nice - would be useful to edit posts from mobile,positive,positive,0.8377236723899841,0.007169284857809544,0.1551070511341095,0.8377236723899841
app <number> f. temp <number> f,negative,neutral,0.5370356440544128,0.32078975439071655,0.5370356440544128,0.1421746164560318
too many update it's annoying,neutral,neutral,0.7839059829711914,0.1260809451341629,0.7839059829711914,0.09001308679580688
not responding to phone calls or emails. no customer service at all.,negative,negative,0.9301795959472656,0.9301795959472656,0.06137144938111305,0.00844898633658886
thanks for fixing the problem,negative,positive,0.8494952321052551,0.010631933808326721,0.13987286388874054,0.8494952321052551
room rate at times is misleading subject to additional charges,neutral,neutral,0.5518423318862915,0.3809191882610321,0.5518423318862915,0.06723852455615997
access to files/photos/media,negative,neutral,0.5799492597579956,0.08873030543327332,0.5799492597579956,0.3313204348087311
"best messaging app, not so great for file sharing though",positive,positive,0.7820454835891724,0.009904627688229084,0.20804981887340546,0.7820454835891724
they want to much access,neutral,negative,0.7345694303512573,0.7345694303512573,0.23352137207984924,0.031909212470054626
"would love more clothing choices, glasses and skin tones.",neutral,positive,0.9002399444580078,0.008606878109276295,0.09115315973758698,0.9002399444580078
line freecall is better than bbm freecall,neutral,neutral,0.5911513566970825,0.058107681572437286,0.5911513566970825,0.3507409393787384
this app very nice & use very easy,neutral,positive,0.9235717058181763,0.011860834434628487,0.06456749886274338,0.9235717058181763
make the dp full hd,neutral,neutral,0.5865522623062134,0.0800623744726181,0.5865522623062134,0.3333854079246521
good if it doesn't has annoying news banners,positive,neutral,0.6820411682128906,0.013707280158996582,0.6820411682128906,0.304251492023468
please make the lite variant of this app for smartphones with less storage.,negative,neutral,0.5518795847892761,0.058109208941459656,0.5518795847892761,0.3900112211704254
age group <number> to <number> years old,negative,neutral,0.5543405413627625,0.2153947651386261,0.5543405413627625,0.23026467859745026
takes a lot of space,negative,neutral,0.7512112259864807,0.16113333404064178,0.7512112259864807,0.0876554399728775
trible app. ui is horrible.,negative,negative,0.9405166506767273,0.9405166506767273,0.050952017307281494,0.008531277999281883
loved the app very much,positive,positive,0.4491848647594452,0.21747998893260956,0.33333519101142883,0.4491848647594452
this bbm is not working on my galaxy s <number> edge why,neutral,negative,0.9399409294128418,0.9399409294128418,0.05208137258887291,0.007977744564414024
it's great <url>,neutral,positive,0.8246780037879944,0.034529272466897964,0.14079274237155914,0.8246780037879944
where is option for timer,negative,neutral,0.7021129131317139,0.04201576113700867,0.7021129131317139,0.25587135553359985
well not. so good work but. some what.,neutral,neutral,0.815461277961731,0.02756255678832531,0.815461277961731,0.156976118683815
this could be great <url>,neutral,neutral,0.5693348050117493,0.08778359740972519,0.5693348050117493,0.34288159012794495
take too much space or ram to run,neutral,neutral,0.7013776898384094,0.22571319341659546,0.7013776898384094,0.07290913164615631
very useful. ive used the app many times in the last few years. hv even referred others by telling them directly. wish full address address of property could be included even before booking. thats my only complaint.,positive,positive,0.8833999633789062,0.010815025307238102,0.10578502714633942,0.8833999633789062
i love it but she doesn't look like me after making so many changes!!,positive,positive,0.6155524253845215,0.05160437151789665,0.33284318447113037,0.6155524253845215
"it's ok, but since it appears to have basic reflow why can't we have white text on black background to save battery?",neutral,neutral,0.843055009841919,0.01540068443864584,0.843055009841919,0.14154429733753204
great!!! amazing tool for textbooks in pdf <url> i use it on my lenovo tab <number> <number> plus and it works awesome. most of my medical textbooks converted in pdf run absolutely fine with this app.,positive,positive,0.9216545820236206,0.019325334578752518,0.0590200200676918,0.9216545820236206
bothering me for a rating,neutral,negative,0.49841341376304626,0.49841341376304626,0.45805105566978455,0.04353557899594307
it works great until you need to use another app. even when i whitelist apps my tree still withers,neutral,positive,0.5294032096862793,0.03710024431347847,0.4334965646266937,0.5294032096862793
good weather overview. occasionally buggy (no pun intended).,positive,positive,0.712293267250061,0.008316467516124249,0.27939021587371826,0.712293267250061
when it works is great,neutral,neutral,0.617920458316803,0.19406424462795258,0.617920458316803,0.18801532685756683
radar map doesnt work at all since last update. please fix and get <number> stars,negative,negative,0.9562565684318542,0.9562565684318542,0.03721807152032852,0.0065252771601080894
"how do i use on facebook,?",negative,neutral,0.49186718463897705,0.2649427354335785,0.49186718463897705,0.24319003522396088
used to be my favorite app,negative,negative,0.7710684537887573,0.7710684537887573,0.20308050513267517,0.02585097961127758
its all good except for one thing.,neutral,neutral,0.6688643097877502,0.01137452106922865,0.6688643097877502,0.3197612166404724
to good to be true,positive,neutral,0.5143936276435852,0.03989098593592644,0.5143936276435852,0.44571539759635925
this app is useful for me,positive,positive,0.860299825668335,0.008345065638422966,0.1313551664352417,0.860299825668335
"only worked for a day, then the app would never open and kept saying there was a error. uninstalled the re-installed <number> times never worked again",negative,negative,0.9610402584075928,0.9610402584075928,0.03282453119754791,0.00613521970808506
not able to open pdf's downloaded to sd <url>,negative,negative,0.7228457927703857,0.7228457927703857,0.24724461138248444,0.029909543693065643
slow and crashes dinc v <number> . <number>,negative,negative,0.676193356513977,0.676193356513977,0.2991921603679657,0.024614421650767326
"easy to use, fairly accurate!",positive,positive,0.9308175444602966,0.009815419092774391,0.059367042034864426,0.9308175444602966
its a usefull app for informal office communication.,positive,positive,0.9093623757362366,0.008046628907322884,0.08259102702140808,0.9093623757362366
"facebook face detection doesn't work, so you have to start from scratch. also not enough selection to choose from.",neutral,negative,0.7234408855438232,0.7234408855438232,0.25783655047416687,0.018722524866461754
more than one and add more stuff. (stuff to make the avatar),neutral,positive,0.8442373871803284,0.014150025323033333,0.14161251485347748,0.8442373871803284
i can't play it that sucks,negative,negative,0.9051367044448853,0.9051367044448853,0.08526218682527542,0.00960108544677496
crashes during import htc one m <number>,negative,negative,0.8344682455062866,0.8344682455062866,0.14529645442962646,0.02023530751466751
does exactly what it says. i like it.,positive,positive,0.8059413433074951,0.01057608611881733,0.1834825575351715,0.8059413433074951
i think this app is good,positive,positive,0.5797096490859985,0.009974099695682526,0.41031622886657715,0.5797096490859985
great app. free cancellation should be indicated per hotel before booking.,positive,positive,0.7570938467979431,0.05598938465118408,0.1869167983531952,0.7570938467979431
"it's great for pdf, i only wish it supported other book formats like epub or mobi",positive,positive,0.8744063973426819,0.008782800287008286,0.11681079864501953,0.8744063973426819
"stopped working and deleted everything after a week, pretty poor i'd say",negative,negative,0.9214226603507996,0.9214226603507996,0.07027281820774078,0.008304464630782604
"a couple days ago, started telling me it can't attatch the emoji to my texts, that just stinks! i have a galaxys <number>",negative,negative,0.887805163860321,0.887805163860321,0.10062293708324432,0.011571929790079594
overall very useful app. i only don't like the fact that also sold-out hotels are shown. can be quite frustrating.,positive,positive,0.8415248394012451,0.008316227234899998,0.15015897154808044,0.8415248394012451
works well. it could have been better if approximate dates were allowed in search form.,positive,positive,0.6958470940589905,0.009290325455367565,0.2948625981807709,0.6958470940589905
still not as good as it could be!,neutral,neutral,0.7944357395172119,0.050692442804574966,0.7944357395172119,0.15487179160118103
for more information about this review go to <url>,negative,neutral,0.4983099699020386,0.14095567166805267,0.4983099699020386,0.3607342839241028
its been <number> years im using uc browser i gave a feedback that in uc browser we can't download videos directly to sd <url> have given a feedback about this past <number> years back but still uc team have not sloved my <url> service i request google team to please remove this uc browser from google <url> dnt need this kind of careless team ..,negative,negative,0.9557061195373535,0.9557061195373535,0.038158390671014786,0.006135564297437668
awesome app to find any <url> it,positive,positive,0.8608158230781555,0.024134257808327675,0.11504996567964554,0.8608158230781555
ok permissions fix. i've updated and given back two of the four stars i'd dropped.,neutral,neutral,0.8272453546524048,0.057426437735557556,0.8272453546524048,0.11532819271087646
i love the idea but can we get a weekly forest too?? that would be quite motivating!,neutral,positive,0.8321412801742554,0.011714831925928593,0.156143918633461,0.8321412801742554
it's very good for edit photos and make photos and make a design of any things,positive,positive,0.9209824800491333,0.009216810576617718,0.0698007270693779,0.9209824800491333
"i really love the lightroom software for laptops and other devices, but i don't find the app really convincing when compared to the software as you just miss so many options in the app",neutral,neutral,0.48944318294525146,0.0337490513920784,0.48944318294525146,0.47680774331092834
"latest version is <number> . <number> . <number> , last updated on <number> th september <number> . uninstalled as abandoned. desktop is already at <number> . <number> .",negative,negative,0.9586012363433838,0.9586012363433838,0.03444583714008331,0.006952840369194746
just click the back button and my tree will still <url> and i don't think i have the whitelist edit- i think your tree only dies when you open another app that isn't on your whitelist or else the list is <url> am i wrong?,positive,negative,0.5841571688652039,0.5841571688652039,0.36925578117370605,0.04658706113696098
adobe products are awsome,positive,neutral,0.5337221622467041,0.26900002360343933,0.5337221622467041,0.19727784395217896
latest update fails to install with 'unknown reason - <number> ',neutral,negative,0.8957996368408203,0.8957996368408203,0.09149190038442612,0.012708490714430809
"the app syncs messages too slowly and marking messages as ""read"" is buggy.",neutral,neutral,0.8544363975524902,0.0488215908408165,0.8544363975524902,0.09674203395843506
"great service, terrible app. the app doesn't seem work with mobile internet which makes it mostly useless.",negative,negative,0.9583072066307068,0.9583072066307068,0.035004060715436935,0.006688766647130251
now <number> % harder to use,negative,negative,0.805288553237915,0.805288553237915,0.1703193187713623,0.024392088875174522
marginal but still better than others i have tried.,neutral,neutral,0.6360800266265869,0.0334441214799881,0.6360800266265869,0.3304758369922638
the app doesn't provide multiple tabs at a time. it would be great if its possible.,positive,neutral,0.6703598499298096,0.02323692850768566,0.6703598499298096,0.30640318989753723
good app and uesfull,negative,positive,0.5525032877922058,0.012667994946241379,0.4348286986351013,0.5525032877922058
only hate the <url>,positive,positive,0.48995089530944824,0.15232250094413757,0.3577265441417694,0.48995089530944824
"i was using it every day and i think it was brilliant, even upgraded to paid version but since last update i haven't been able to access it at all as it keeps crashing. please fix it.",neutral,neutral,0.5175690650939941,0.09971597790718079,0.5175690650939941,0.3827149569988251
wont work for saml integration,neutral,negative,0.9507756233215332,0.9507756233215332,0.042961236089468,0.006263182498514652
good but ads are annoying,neutral,neutral,0.5484505295753479,0.013555699959397316,0.5484505295753479,0.4379937946796417
"app works fine, but it is very disappointing that there is no possibility to just use the map to find available accommodation. you always have to fill a place to search, but mostly i just want to browse and see what's available, regardless of the location.",neutral,neutral,0.6694388389587402,0.018054578453302383,0.6694388389587402,0.31250667572021484
worst app and if it is install u r phone become a virus attack,negative,negative,0.9647314548492432,0.9647314548492432,0.029405631124973297,0.005862948019057512
not what i'd expect from the creators,neutral,negative,0.7870036363601685,0.7870036363601685,0.19358140230178833,0.01941498927772045
"won't leave my facebook, like a <url>",negative,negative,0.9122689962387085,0.9122689962387085,0.07901705801486969,0.008713976480066776
ads is an inconvenient thing so far,positive,negative,0.5090008974075317,0.5090008974075317,0.45251619815826416,0.03848293423652649
"i like the interface , it's really good. for me, i feel it would be nice to have a look up option when we right-click on words . it's functionality is to link up words to our dictionary apps. <signature>",positive,positive,0.8738270998001099,0.0070691355504095554,0.1191038265824318,0.8738270998001099
good but many <url>,positive,neutral,0.6796302199363708,0.018188627436757088,0.6796302199363708,0.302181214094162
requires photos to be imported into lightroom. i know this has how the desktop version but wish the mobile version was faster and easier to use.,neutral,neutral,0.8157132863998413,0.06002939119935036,0.8157132863998413,0.12425737082958221
miss tabs to move between open docs. otherwise is fab.,positive,neutral,0.7753815054893494,0.10553647577762604,0.7753815054893494,0.11908207088708878
"they stole from me i wanted a refund and because the manager of the hotel i chose treated me indifferently all because i wasn't <number> and so i emailed their "" <number> hour customer service"" and never got helped. lost $ <number> . don't use this app it is a trap.",negative,negative,0.9685218334197998,0.9685218334197998,0.026219910010695457,0.005258201155811548
my ag fans love the photos i do,positive,positive,0.898151159286499,0.029331954196095467,0.07251688092947006,0.898151159286499
this app would be perfectly awesome if it worked with the keyboard on my tablet so that i could use it in facebook when i <url> without white backgrounds,neutral,positive,0.7221607565879822,0.022426430135965347,0.2554127871990204,0.7221607565879822
"why my friends can retract or delete their messages, while i can't? i don't know what bb phone or android they have.",neutral,neutral,0.5354832410812378,0.38608676195144653,0.5354832410812378,0.07843002676963806
it sucks non free things to choose from,negative,negative,0.9559952616691589,0.9559952616691589,0.038284946233034134,0.00571985449641943
this is very good app for downloading,positive,positive,0.8830918669700623,0.011388313956558704,0.10551978647708893,0.8830918669700623
not accurate information all the time,neutral,neutral,0.6835983395576477,0.2557549774646759,0.6835983395576477,0.06064670532941818
cannot show my reserved bookings,negative,negative,0.5580396056175232,0.5580396056175232,0.4134310781955719,0.028529362753033638
i love this app,positive,positive,0.3873068690299988,0.30552271008491516,0.30717039108276367,0.3873068690299988
my company forces me to use this app.,neutral,negative,0.9599841237068176,0.9599841237068176,0.0340917594730854,0.005924172233790159
it's hard to cancel a booking when <url> to use,neutral,neutral,0.7447765469551086,0.10913395136594772,0.7447765469551086,0.14608946442604065
won't open email attachments,negative,negative,0.9568854570388794,0.9568854570388794,0.037377890199422836,0.005736684892326593
couldn't find a better suited search app. compliments to the team. trivago couldn't find these many options.,positive,neutral,0.5551565885543823,0.3583608567714691,0.5551565885543823,0.08648253977298737
"simple to use, don't seem to be able to see complete booking information",positive,positive,0.7980819344520569,0.01455916278064251,0.18735888600349426,0.7980819344520569
absolutely one of the <signature>,positive,positive,0.9260948896408081,0.016394615173339844,0.05751057341694832,0.9260948896408081
i like the reading mode specially. but sometimes it crashes.,positive,positive,0.7698711156845093,0.01563415117561817,0.2144947052001953,0.7698711156845093
sounds and digital mixer cansol,positive,positive,0.7896462678909302,0.0347149558365345,0.1756388396024704,0.7896462678909302
"lacks a lot of basic features such as bookmarks and ""goto page"". thinkoffice does a better job.",negative,neutral,0.86320561170578,0.07322298735380173,0.86320561170578,0.06357136368751526
much better than asana,positive,positive,0.7682321667671204,0.03620029613375664,0.1955675184726715,0.7682321667671204
better on my windows phone,negative,neutral,0.5010443925857544,0.0961432233452797,0.5010443925857544,0.4028124213218689
it's good but always show on screen when i switch on my home screen,neutral,positive,0.5351273417472839,0.008867316879332066,0.45600536465644836,0.5351273417472839
this app is my go to when i need to know about the weather.,positive,positive,0.8859676122665405,0.029131948947906494,0.08490040898323059,0.8859676122665405
"okay but not great, and not really improving",neutral,neutral,0.8282294869422913,0.031443554908037186,0.8282294869422913,0.14032693207263947
it should have pause option,neutral,neutral,0.753156840801239,0.030430767685174942,0.753156840801239,0.21641241014003754
"all is good in this app except i couldn't see any hdr option while clicking photos, may be since i use oneplus one, which also has high processing power and advanced chipset enough to support this app. so they should support many more devices like this! hope the support arrives in next update itself.",neutral,neutral,0.5634633302688599,0.014363148249685764,0.5634633302688599,0.42217347025871277
"professional app , useful for office purpose , easily connect to office by mobile but too much heavy unable to send messages on slow network.",positive,positive,0.8864614963531494,0.011707798577845097,0.10183068364858627,0.8864614963531494
update is not starting after clicking on update button,negative,negative,0.5317832231521606,0.5317832231521606,0.42201849818229675,0.04619820415973663
hate it since the update,negative,negative,0.9438653588294983,0.9438653588294983,0.04940411448478699,0.006730628665536642
tired of getting ripped off.,negative,neutral,0.5016391277313232,0.43515831232070923,0.5016391277313232,0.06320256739854813
had to sleep in the truck!,negative,negative,0.9278103709220886,0.9278103709220886,0.06284020096063614,0.009349471889436245
radar stopped working. i would've given <number> star rating if it worked.,negative,negative,0.873595654964447,0.873595654964447,0.10713361948728561,0.01927073299884796
worst experience in goa,negative,negative,0.9636823534965515,0.9636823534965515,0.030202319845557213,0.006115427240729332
like it because it syncs better,positive,positive,0.827827513217926,0.010823947377502918,0.16134852170944214,0.827827513217926
i can connect to my friends.,positive,positive,0.9016464352607727,0.016318898648023605,0.0820346549153328,0.9016464352607727
i love this app,negative,positive,0.3873068690299988,0.30552271008491516,0.30717039108276367,0.3873068690299988
fantastic app for downloading and easy to use,positive,positive,0.9189188480377197,0.011803117580711842,0.06927800923585892,0.9189188480377197
"unable to change alert sound. not in options. unable to enable alerts per channel, on all or keywords and direct. closer to a beta than an app.",negative,negative,0.8821022510528564,0.8821022510528564,0.10471291840076447,0.013184857554733753
so much fun! makes people laugh.,positive,positive,0.8064249157905579,0.03962142392992973,0.1539536714553833,0.8064249157905579
similar to all other photo editing apps. doesn't stand out from ythe rest.,neutral,neutral,0.7547215223312378,0.0666184052824974,0.7547215223312378,0.1786600649356842
the quality of display picture is so bad,neutral,neutral,0.5298053622245789,0.42217782139778137,0.5298053622245789,0.048016853630542755
this app is very fast,neutral,positive,0.9031236171722412,0.019954998046159744,0.07692129909992218,0.9031236171722412
dear friends do not install this browser. this browser is pathrtic <url> will ads and ads on this .really annoying,negative,negative,0.9209247827529907,0.9209247827529907,0.07133590430021286,0.007739352062344551
please fix so i can type!,negative,neutral,0.6217283010482788,0.07678677141666412,0.6217283010482788,0.30148494243621826
able to provide sufficent info regarding hotel that want to be rent,positive,positive,0.7776482105255127,0.022220874205231667,0.200130894780159,0.7776482105255127
they make you pay to create an account!! this is outrageous.,negative,negative,0.9671280980110168,0.9671280980110168,0.027017317712306976,0.005854560062289238
"it's a great concept for assosiating a reward to focus for those of us who struggle; however, my tree withers when someone phones me and i don't answer which is obviously a piss off.",positive,positive,0.811927855014801,0.02118661440908909,0.16688556969165802,0.811927855014801
really a very good app,positive,positive,0.8914543986320496,0.016199426725506783,0.09234616160392761,0.8914543986320496
awesome app! it will be better if you sync all your timers on your phones and chrome/mozilla extension. because i have to start to plant on my <number> phones and my browers when i'm working when you can do it just once and all your timers will start automatically. i hope you do it!,positive,positive,0.9060333967208862,0.016024697571992874,0.0779419094324112,0.9060333967208862
this app is very nice,positive,positive,0.8645728230476379,0.012863369658589363,0.12256375700235367,0.8645728230476379
"this app is super cute! my only complaint is that there is no piercing section! i have <number> piercings and would really like to at least have a nose ring! or maybe earrings? also think you should be able to customize outfits, like pick a shirt, bottoms, and shoes! instead of just the premade outfits.",positive,positive,0.9156316518783569,0.012555421330034733,0.0718129500746727,0.9156316518783569
"app is okay but has superfluous things that i will never use. including every option is okay but the ideal app would allow for complete customization of components and page information that is pertinent to the user and where they are located. additionally, collecting metrics on what users actually use versus what is weak allows for improved development of the weaker app areas. that said, i have used this app for a long time with little cause for complaint.",neutral,positive,0.49368053674697876,0.01743149757385254,0.4888879656791687,0.49368053674697876
could you please add an option for exporting photos using the png format? it would be very handy.,neutral,positive,0.6912263631820679,0.00923159159719944,0.29954203963279724,0.6912263631820679
i like the reflow feature. but useless for me as i can't search nor skip to a specific page (have to scroll through entire books),negative,neutral,0.6367381811141968,0.04773414134979248,0.6367381811141968,0.31552767753601074
"simple yet effective. would be great if the app had more customisation options like moving the plants around, changing the colour etc.",positive,positive,0.8599801659584045,0.006863022688776255,0.13315679132938385,0.8599801659584045
uc brouser is <signature>,positive,positive,0.48737698793411255,0.15642453730106354,0.3561985194683075,0.48737698793411255
not starting since last update. please see to it. i gave <number> star so you can quickly check my issue. my phone is note <number> neo n <number>,positive,neutral,0.47714582085609436,0.4475919306278229,0.47714582085609436,0.07526224106550217
doesn't work properly on nova launcher,neutral,negative,0.9331476092338562,0.9331476092338562,0.05886735022068024,0.00798502191901207
"useful, informative and helpful <signature>",positive,positive,0.9266051054000854,0.00963298138231039,0.0637618750333786,0.9266051054000854
still no floating head!! disappointed,negative,negative,0.7435816526412964,0.7435816526412964,0.22593608498573303,0.030482228845357895
this app sucks now,negative,negative,0.9693145155906677,0.9693145155906677,0.024968190118670464,0.005717259831726551
it can't find my photos,negative,negative,0.8649177551269531,0.8649177551269531,0.12246580421924591,0.012616477906703949
what happened to my little shortcut!? or used to stay open in all my messaging <url> now it's gone!!,negative,negative,0.92612224817276,0.92612224817276,0.06184763088822365,0.012030057609081268
stable and functional but not totally user friendly.,neutral,neutral,0.5830071568489075,0.017351001501083374,0.5830071568489075,0.39964187145233154
this is good <url>  downloading movies but many. ads are come in between browsing,neutral,neutral,0.7041381597518921,0.022856462746858597,0.7041381597518921,0.27300530672073364
i don't like the company not the app,negative,neutral,0.7057389616966248,0.19396895170211792,0.7057389616966248,0.10029211640357971
"great app but would love to have better clothing styles. maybe peacoats, pencil skirts etc. <signature>",positive,positive,0.9201504588127136,0.012239835225045681,0.06760968267917633,0.9201504588127136
radar map will not move. it hasn't been accurate either.,negative,negative,0.9467258453369141,0.9467258453369141,0.045708637684583664,0.007565605454146862
"simplistic, designed to exceed expectations and overcome limitations.",positive,neutral,0.5590823292732239,0.05073067545890808,0.5590823292732239,0.39018696546554565
<url> sometimes it's gone <url> hate slow,neutral,neutral,0.5350877642631531,0.31034353375434875,0.5350877642631531,0.15456868708133698
"i would use it more but i dont like that it has to start a new message, would be better if it would just add to the convo on the screen",neutral,neutral,0.7660946846008301,0.027560973539948463,0.7660946846008301,0.206344336271286
very bad app. it is forcing to instal. i think it is a virus.,negative,negative,0.9681791067123413,0.9681791067123413,0.026235194876790047,0.005585655570030212
better if no trial period and unlimited use for free,positive,neutral,0.5807441473007202,0.018399396911263466,0.5807441473007202,0.4008564352989197
great but needs presets access,neutral,positive,0.866665244102478,0.01698215678334236,0.11635257303714752,0.866665244102478
each time it simply keeps saying that my phone has <url> disgusting,negative,negative,0.8330370187759399,0.8330370187759399,0.14779257774353027,0.019170386716723442
keeps documents in line. i really like this application!,positive,positive,0.8405649065971375,0.024669034406542778,0.1347661167383194,0.8405649065971375
anyone video download stop and very slow download,negative,negative,0.7212569713592529,0.7212569713592529,0.25759226083755493,0.02115076780319214
used to work but no longer does. writing this review while my is growing :/,neutral,negative,0.7194175720214844,0.7194175720214844,0.25046059489250183,0.03012186661362648
limited options but fun,neutral,neutral,0.6234216094017029,0.01656489633023739,0.6234216094017029,0.3600134551525116
would give better but have'nt used much yet,negative,neutral,0.6930863261222839,0.02701469510793686,0.6930863261222839,0.2798989415168762
"app ok, but temp doesn't update in notification bar",neutral,neutral,0.8671269416809082,0.03578633815050125,0.8671269416809082,0.09708672761917114
no way to redeem tickets.,neutral,negative,0.9505175352096558,0.9505175352096558,0.04134613648056984,0.008136404678225517
"silly app , it would let me open google while it will kill the plant if i open calculator or dictionary",negative,negative,0.8648539185523987,0.8648539185523987,0.12137284874916077,0.013773208484053612
"wow, such a pos!",negative,positive,0.8256814479827881,0.03973710164427757,0.13458143174648285,0.8256814479827881
is a great app but since the update a couple of days ago i can't get radar to work. tried uninstalling and reinstalling but doesn't work.,positive,neutral,0.6884679794311523,0.2257329523563385,0.6884679794311523,0.08579909801483154
"i hate start up with system, i don't use it frequently",negative,negative,0.9159544706344604,0.9159544706344604,0.07491853833198547,0.009126950055360794
push notifications not working,negative,negative,0.7030742764472961,0.7030742764472961,0.27074384689331055,0.026181796565651894
good combination with acrobat reader. it's quite clear,positive,positive,0.8675894737243652,0.006147675681859255,0.126262828707695,0.8675894737243652
nice. update it to be more digital. very clear,positive,positive,0.8476192355155945,0.009607166051864624,0.14277352392673492,0.8476192355155945
nice but sometimes hanging,positive,positive,0.7015627026557922,0.010781476274132729,0.2876557409763336,0.7015627026557922
still getting to know it,positive,neutral,0.5930326581001282,0.1112658903002739,0.5930326581001282,0.29570144414901733
i use it for reading articles and it's fine. would be useful to be able to open two articles at once for cross reference but otherwise happy with the app,positive,positive,0.8676576018333435,0.0069527411833405495,0.12538965046405792,0.8676576018333435
its better than others,neutral,positive,0.6509719491004944,0.014887358993291855,0.33414071798324585,0.6509719491004944
does not work. in play store not listed as trial .come on adobe you stop down loads from your services now products do not work and listed as free we hen really a trial,negative,negative,0.9684942364692688,0.9684942364692688,0.02569766715168953,0.005808075424283743
almost a good editor,positive,positive,0.6949157118797302,0.012377778068184853,0.29270657896995544,0.6949157118797302
not able to download new <url>,neutral,negative,0.7475894093513489,0.7475894093513489,0.2241961807012558,0.028214357793331146
"so i create a pdf using an adobe program, then send it to my phone to see what it looks like, but it won't open! pretty lame if you ask me.",negative,negative,0.5547589659690857,0.5547589659690857,0.4126153290271759,0.03262569010257721
sometime can't change display picture at asus zenfone <number> . please fix,negative,neutral,0.6908212304115295,0.0520598329603672,0.6908212304115295,0.25711891055107117
really nice concept but on android it just keeps hanging and eventually crashing.,negative,neutral,0.6773879528045654,0.06270917505025864,0.6773879528045654,0.25990286469459534
doesn't work on my phone. always error,negative,negative,0.9395511746406555,0.9395511746406555,0.05422640219330788,0.006222486030310392
slackbot opens every time i start to type a reply in the app. started happening with the last update (note <number> ). why can't we disable slackbot? <number> star until we get this ability.,negative,negative,0.5372417569160461,0.5372417569160461,0.4077450633049011,0.05501318350434303
"complex app that covers all sorts of things related to travelling, maybe too many",positive,positive,0.8926913142204285,0.015170381404459476,0.09213831275701523,0.8926913142204285
great and more awesome,positive,positive,0.8733748197555542,0.03712775930762291,0.08949745446443558,0.8733748197555542
not what i asked for,negative,negative,0.8860118985176086,0.8860118985176086,0.1015002429485321,0.012487906962633133
i wish you would show canadian maps,neutral,neutral,0.554497480392456,0.04492298141121864,0.554497480392456,0.4005795121192932
you don't allow to take in-app screenshots?,neutral,negative,0.7114472389221191,0.7114472389221191,0.25884726643562317,0.029705539345741272
how about date birth,negative,neutral,0.4945465922355652,0.12072879076004028,0.4945465922355652,0.3847246766090393
"works great, other then not being able to delete content directly from phone.",neutral,positive,0.49598750472068787,0.020638788118958473,0.4833736717700958,0.49598750472068787
can't copy/paste or add keyboard to android,negative,neutral,0.802851140499115,0.13527722656726837,0.802851140499115,0.061871662735939026
can't even create a account tried more than <number> times,negative,negative,0.9641103148460388,0.9641103148460388,0.030626170337200165,0.005263529252260923
fast and good but missing features.,neutral,positive,0.571477472782135,0.014729117974638939,0.4137934148311615,0.571477472782135
cannot get rid of floating head in my messages and it's driving me mad. i've had to uninstall the app to get rid of it &gt;:-/,negative,negative,0.9177870154380798,0.9177870154380798,0.0742017850279808,0.008011212572455406
"love this app. i use it to study, but i answered a phone call and it wilted my tree. i can't really help when i receive phone calls. this one had to be answered and now i have to look at a wilted tree in my beautiful forest. i am upsetti spaghetti since i'm a perfectionist",positive,positive,0.8760629892349243,0.027923714369535446,0.09601325541734695,0.8760629892349243
this app is slowly work,neutral,neutral,0.5648893713951111,0.3028217852115631,0.5648893713951111,0.13228878378868103
no instructions on how to delete files/pages viewed.,neutral,neutral,0.6081516742706299,0.34354519844055176,0.6081516742706299,0.04830307513475418
it helps a lot.,positive,positive,0.8311740159988403,0.009753403253853321,0.15907256305217743,0.8311740159988403
"need to improve performance, usablity, and <url>",neutral,neutral,0.5048894882202148,0.02339077927172184,0.5048894882202148,0.4717197120189667
multiple image share option is missing,neutral,neutral,0.661864697933197,0.043564166873693466,0.661864697933197,0.2945711314678192
"i like the functions, but",neutral,neutral,0.5293383598327637,0.016268974170088768,0.5293383598327637,0.4543927013874054
why don't you just block us all?! =d =d =d,negative,negative,0.7469396591186523,0.7469396591186523,0.22158771753311157,0.031472641974687576
easy to find hotel,neutral,positive,0.8842464089393616,0.016245298087596893,0.09950823336839676,0.8842464089393616
"if unexpected crashes negleted, it is so far the <signature>",positive,positive,0.6561552286148071,0.034160904586315155,0.3096838891506195,0.6561552286148071
used to love it,negative,negative,0.8456454277038574,0.8456454277038574,0.13767443597316742,0.016680164262652397
"i love this app but with the latest update it died when i used a white listed app, and when i checked my whitelist i couldn't scroll through or change anything which was weird. plz fix this and add more trees!",positive,positive,0.6686667799949646,0.03541332855820656,0.29591992497444153,0.6686667799949646
very good mobile phone photo editor,positive,positive,0.908075213432312,0.009087812155485153,0.08283696323633194,0.908075213432312
keeps telling u to turn on the access then brings u to the settings page and even aft you check all the boxes doesnt take you back to the app. and continues to keep popping up disrupting phone usage. app doesnt work properly,negative,negative,0.9509429335594177,0.9509429335594177,0.04297133907675743,0.006085659842938185
app is faster but stucks mobile pleas fix it up,positive,neutral,0.7695127725601196,0.07813863456249237,0.7695127725601196,0.152348592877388
"should have ""seen"" feature",neutral,neutral,0.7719266414642334,0.03481122478842735,0.7719266414642334,0.19326215982437134
"can not zoom in or out, plis fix",neutral,neutral,0.5053743720054626,0.45702892541885376,0.5053743720054626,0.03759662061929703
nice idea and interface but finding friends doesn't work on android,neutral,neutral,0.75852370262146,0.03764719143509865,0.75852370262146,0.20382912456989288
white list is so frustrating!,negative,negative,0.7574170231819153,0.7574170231819153,0.22185155749320984,0.02073141559958458
need <url> saving to gallery issue adding photo issue,neutral,neutral,0.7901237607002258,0.09956970065832138,0.7901237607002258,0.11030653119087219
the live doppler doesn't work since i updated,negative,negative,0.6875341534614563,0.6875341534614563,0.28599849343299866,0.026467325165867805
very ugly and difficult to use platform. i do not suggest it. very bad,negative,negative,0.9558339715003967,0.9558339715003967,0.03819365054368973,0.00597239239141345
recent update be unstable and loading so late,neutral,neutral,0.4973907172679901,0.45193225145339966,0.4973907172679901,0.0506770946085453
would give <number> stars if you blocked the facebook messenger bubble as well,positive,neutral,0.5888248682022095,0.06103651970624924,0.5888248682022095,0.3501386046409607
it's a good overall weather app. do miss the traffic cam.,positive,positive,0.8060201406478882,0.006617133971303701,0.18736273050308228,0.8060201406478882
really hard to navigate.,neutral,negative,0.916062593460083,0.916062593460083,0.07459834218025208,0.009339084848761559
they don't refund difference if room is cheaper,negative,neutral,0.5672804117202759,0.3466336131095886,0.5672804117202759,0.0860859677195549
"works most of the time. freezes sometimes while trying to open a document, but just restart the app and it's good to go.",positive,neutral,0.5247541666030884,0.01892101764678955,0.5247541666030884,0.45632484555244446
my friend show me it on tumbler it's amazing <signature>,positive,positive,0.9080731272697449,0.015626823529601097,0.07630006223917007,0.9080731272697449
would of gave it <number> stars if i could. i just figured out that this app was using <number> % of my battery life and i never even use the app. sucks really bad.,negative,negative,0.860112726688385,0.860112726688385,0.12374155968427658,0.016145771369338036
"you ruined the icon, we said ok. now you are ruining the background color too. stop changing, no one was complaining!",neutral,negative,0.8514353036880493,0.8514353036880493,0.1324755996465683,0.016089078038930893
should have been a <number> star but why's the android version lacking local adjustments that the ios version has. i can understand that there may be delays among platforms but it's already <number> months behind!,neutral,neutral,0.7442725300788879,0.09123943001031876,0.7442725300788879,0.1644880473613739
nothing i want from this app,negative,negative,0.9528948664665222,0.9528948664665222,0.04045524075627327,0.0066498867236077785
so great until today,negative,neutral,0.5683708190917969,0.26279139518737793,0.5683708190917969,0.168837770819664
it would be nice if it had it on like whatsapp for android but you have to download another app to access that <url> yeah but it's good,positive,neutral,0.5994141697883606,0.01018365565687418,0.5994141697883606,0.390402227640152
high quality images turns into low quality,neutral,neutral,0.5733451247215271,0.3527597486972809,0.5733451247215271,0.07389511168003082
"it doesnt work, the screen flashes on and off and it wont open",negative,negative,0.9607784748077393,0.9607784748077393,0.03303227201104164,0.006189149804413319
no retract in options,neutral,neutral,0.7914122343063354,0.11851692199707031,0.7914122343063354,0.09007083624601364
last position read somewhat flawed,neutral,neutral,0.6694174408912659,0.1772296279668808,0.6694174408912659,0.15335296094417572
get <number> days free trial. nice. to try it i need to be able to access photos that store to my sd card. i do that so i have room on my phones internal drive. waste of time,negative,negative,0.9533286690711975,0.9533286690711975,0.03988346830010414,0.006787770893424749
does not support to open pwd protected document,neutral,negative,0.81629878282547,0.81629878282547,0.16475540399551392,0.018945755437016487
got rid of the irc gateway. this was why we used slack. uninstalled.,negative,negative,0.968593418598175,0.968593418598175,0.0250826645642519,0.006323933135718107
more theme and customization <url>,positive,positive,0.8555659651756287,0.02009100280702114,0.12434304505586624,0.8555659651756287
some items don't work!,neutral,neutral,0.7249418497085571,0.15821175277233124,0.7249418497085571,0.11684641242027283
map animation still has bug.,negative,neutral,0.693152904510498,0.21922364830970764,0.693152904510498,0.0876234620809555
"ignores some files, loads a few others",neutral,neutral,0.6497094035148621,0.30612385272979736,0.6497094035148621,0.04416673630475998
it's not as good as it used to be,neutral,neutral,0.7055346369743347,0.2360910326242447,0.7055346369743347,0.0583743080496788
"good, but needs things",positive,neutral,0.6465331315994263,0.011473003774881363,0.6465331315994263,0.34199392795562744
not working properly on samsung galaxy a <number> .,negative,negative,0.9144125580787659,0.9144125580787659,0.07507389783859253,0.010513542219996452
views pdfs better then stock app but it doesn't see pdf's on sd card,negative,neutral,0.8123843669891357,0.06732740253210068,0.8123843669891357,0.1202881783246994
no way to get rid of ads on terrible screen layout.,negative,negative,0.9507579803466797,0.9507579803466797,0.04162248596549034,0.0076195234432816505
required an account. i want an app to edit pictures on my phone. the online storage and synchronization should be an optional feature; not a requirement.,negative,neutral,0.815924882888794,0.10817095637321472,0.815924882888794,0.07590412348508835
ok with local weather love the thunder part of the app,positive,positive,0.8117677569389343,0.012271584942936897,0.17596067488193512,0.8117677569389343
trivago the tru app,neutral,neutral,0.5288372039794922,0.2967965304851532,0.5288372039794922,0.17436626553535461
add a floating notification,positive,neutral,0.6618889570236206,0.06472194939851761,0.6618889570236206,0.27338907122612
why i can not share video on bbm group; too many update but no significant effect,negative,neutral,0.6880478858947754,0.2470383197069168,0.6880478858947754,0.0649137869477272
limited options for search,negative,neutral,0.8205733299255371,0.03047219105064869,0.8205733299255371,0.14895446598529816
good for messaging not for calls,neutral,neutral,0.8180047869682312,0.043615322560071945,0.8180047869682312,0.13837993144989014
"it's available when i need it and it's more accurate than other weather apps i've tried. update(jan <number> ) <url> recent california winter has been crazy, and frankly this app has let me down with inaccurate forecasts for most of it. comparatively, the google now app is more accurate. maybe the sensors in my area are just bad. when it's fixed, i revisit my review.",neutral,neutral,0.5523050427436829,0.04666876047849655,0.5523050427436829,0.4010262191295624
you could add a bit more features. birthmarks scars moles etc,positive,positive,0.5580634474754333,0.013989043422043324,0.4279475212097168,0.5580634474754333
i am using it before <number> years,positive,neutral,0.46891531348228455,0.2739754617214203,0.46891531348228455,0.2571091949939728
like many sites if you visit a chosen hotel more than once or twice the price rises!,neutral,positive,0.8504447340965271,0.014622448943555355,0.13493283092975616,0.8504447340965271
amazing experience so far with this. iam being familiar with it.,positive,positive,0.9142200350761414,0.018662478774785995,0.06711747497320175,0.9142200350761414
doesn't save properly half the time and definitely could use some more filters.,negative,neutral,0.741710901260376,0.04874098673462868,0.741710901260376,0.20954807102680206
why is the iphone app so much better!,negative,neutral,0.4684647023677826,0.4608634412288666,0.4684647023677826,0.07067184150218964
"browser not opening sites, it just ideal.",negative,neutral,0.8249679207801819,0.07990063726902008,0.8249679207801819,0.09513141214847565
"continuous crashing, won't even open now.",negative,negative,0.961823046207428,0.961823046207428,0.03197915852069855,0.006197813432663679
they forced me to rate them so i docked a star.,neutral,negative,0.9618332982063293,0.9618332982063293,0.03228843957185745,0.00587829016149044
lame. doesnt work for samsung intercept,negative,negative,0.9461233615875244,0.9461233615875244,0.04714929312467575,0.0067272973246872425
of mice and man,negative,negative,0.6081918478012085,0.6081918478012085,0.2956359088420868,0.0961722657084465
only thing missing is custom notification,positive,positive,0.8200945854187012,0.01883140206336975,0.16107407212257385,0.8200945854187012
video cant open after click tha video,negative,negative,0.90731281042099,0.90731281042099,0.08273257315158844,0.0099546043202281
weather animation has stopped and will not start. has been off nearly <number> weeks.,negative,negative,0.9064309000968933,0.9064309000968933,0.08430864661931992,0.0092605110257864
"i just came here because this app was featured on silicon valley, looks like a great app with an attractive interface.",positive,positive,0.8919392228126526,0.025035100057721138,0.08302565664052963,0.8919392228126526
it's okay except for i have a lg phone and it doesn't work that well with the lg phone,positive,neutral,0.8556201457977295,0.018413158133625984,0.8556201457977295,0.12596668303012848
cannot open or detect image file imported from nikon <number> j <number> camera which has .jpeg <url> i had to convert it first or use another photo app editing and save <url> so lightroom could detect the file <url>,neutral,neutral,0.5573264360427856,0.4001077711582184,0.5573264360427856,0.04256581515073776
having trouble downloading the app,negative,neutral,0.6783773303031921,0.23269371688365936,0.6783773303031921,0.08892890065908432
i can't sent it through my messages to my contacts. only through facebook and that is absolutely ridiculous. this app sucks,negative,negative,0.9629371762275696,0.9629371762275696,0.03160697966814041,0.005455838982015848
very quickly reservation done.,positive,positive,0.8642468452453613,0.04025176540017128,0.09550142288208008,0.8642468452453613
<salutation> please give setting to turn it off,negative,neutral,0.4379851222038269,0.12546002864837646,0.4379851222038269,0.4365549087524414
fantastic app to track lighting! the rest of the app is the same as any other really. but in fairness i do not use the rest of the app.,positive,positive,0.8116989135742188,0.013866579160094261,0.17443448305130005,0.8116989135742188
service is good but app is not much android oriented,neutral,neutral,0.8328602910041809,0.025769036263227463,0.8328602910041809,0.14137065410614014
this app is better,neutral,neutral,0.4572075307369232,0.12952366471290588,0.4572075307369232,0.4132687747478485
the improvement are a lot better but it would be nice to be able to send large mp <number> or mp <number> files via bbm.,positive,positive,0.5148361921310425,0.014462371356785297,0.4707014560699463,0.5148361921310425
viuggg hang with my life in your help me a lot and then you have any attachments may contain information contained herein including attachments if it would love the way i will have been sent me a new one day i was thinking about my life in your,positive,positive,0.6346811056137085,0.03177911788225174,0.33353978395462036,0.6346811056137085
can't get to work for motorola droid,negative,negative,0.9396567344665527,0.9396567344665527,0.05378380045294762,0.006559472996741533
bad for the aap is hanging,neutral,negative,0.8737831115722656,0.8737831115722656,0.11354202032089233,0.012674874626100063
its really <url> though remove the trial days remaining,positive,neutral,0.6803766489028931,0.09549250453710556,0.6803766489028931,0.22413086891174316
horrible radar. constant storm alerts with no storms around,negative,negative,0.9620533585548401,0.9620533585548401,0.031582944095134735,0.006363685708492994
cool idea pain da butt to use then at times wont work <url>,negative,neutral,0.7215884923934937,0.1777803897857666,0.7215884923934937,0.10063109546899796
new update v <number> . <number> crashes all the time,positive,negative,0.9107545614242554,0.9107545614242554,0.07735974341630936,0.011885583400726318
"it's okay (at least, freebies now included) <url>",neutral,neutral,0.7671234011650085,0.014745036140084267,0.7671234011650085,0.21813161671161652
only <number> stars since it will not let me delete any files. please fix.,neutral,neutral,0.6686781644821167,0.09366139024496078,0.6686781644821167,0.23766036331653595
does what it is supposed to do and does it well.,positive,positive,0.7520347833633423,0.018370067700743675,0.22959519922733307,0.7520347833633423
"very useful, but has a few annoyances",positive,positive,0.8392281532287598,0.00754020968452096,0.153231680393219,0.8392281532287598
can't download <url>,negative,negative,0.8175368905067444,0.8175368905067444,0.16796855628490448,0.014494510367512703
"generally a good pdf viewer. i love the reading mode that reflow text and adjust font for better reading experience. the only problem, or i should call it a bug, is that it seems like this mode hates to see <number> letters ""f"" & ""i"" being together. for words like ""find"", ""first"", ""prefix"", etc. you will see only ""nd"", ""rst"", ""prex"", etc.",positive,positive,0.8928777575492859,0.009479744359850883,0.0976424440741539,0.8928777575492859
no support for paid ad-free version,neutral,negative,0.8957931399345398,0.8957931399345398,0.09279188513755798,0.011415034532546997
i like this app,positive,positive,0.7538115978240967,0.020651083439588547,0.2255372703075409,0.7538115978240967
used to use it for studying but after reacent update it won't open. please fix,neutral,negative,0.7340958714485168,0.7340958714485168,0.23989036679267883,0.026013771072030067
last update is a disaster,negative,negative,0.9400416016578674,0.9400416016578674,0.04899614304304123,0.010962213389575481
would be better if emoji's didn't disappear when new ones are added,neutral,neutral,0.6620597243309021,0.01639099419116974,0.6620597243309021,0.3215492069721222
good for basic stuff,neutral,positive,0.5803660154342651,0.01085776649415493,0.40877625346183777,0.5803660154342651
fun but android needs more options!!,neutral,positive,0.5780326724052429,0.012585659511387348,0.4093816876411438,0.5780326724052429
"the usual mediocre bare bone pdf reader from adobe, totally lacking in functionality. repligo reader is better",negative,neutral,0.49027693271636963,0.4720528721809387,0.49027693271636963,0.037670109421014786
stays open in background,negative,neutral,0.7125453352928162,0.15065109729766846,0.7125453352928162,0.1368035078048706
it's actually helpful.,positive,neutral,0.5051674246788025,0.019075967371463776,0.5051674246788025,0.47575661540031433
good enough and satisfied result <url> its quite good aap,neutral,positive,0.6786028742790222,0.008216507732868195,0.3131806254386902,0.6786028742790222
why songs are not downloading from the websites. there is always showing error. whenever i download some song. pls fix this bugg,neutral,neutral,0.6045120358467102,0.33542773127555847,0.6045120358467102,0.060060299932956696
booking is simple and straight forward.,positive,positive,0.6827564835548401,0.022799549624323845,0.2944439649581909,0.6827564835548401
"a really good and practical app, however like every other app it still has room for improvement!",positive,positive,0.9015820622444153,0.007403547875583172,0.09101444482803345,0.9015820622444153
excellent pdf viewer rendered unusable by the inability to jump to a page and by the fact that it doesn't remember where you were or bookmarks.,negative,positive,0.7019251585006714,0.018286945298314095,0.2797878682613373,0.7019251585006714
good site but still faceing issue with hotel even we confirm through app,positive,neutral,0.600706160068512,0.018323088064789772,0.600706160068512,0.3809707760810852
it took forever to download,neutral,neutral,0.47147151827812195,0.44702276587486267,0.47147151827812195,0.0815056785941124
i've started using the lightroom camera to take all my photos in raw (dng) and i've noticed today that while out at <number> : <number> on <number> / <number> / <number> and taking pictures the time and date stamp on the images says <number> : <number> <number> / <number> / <number> . what's all that about? i can't change it so where does it get it's info from? also the preview does not show the correct colour. it does when using the slider but as soon as i let it go the image reverts back to a almost black and white.,neutral,neutral,0.7498948574066162,0.15401992201805115,0.7498948574066162,0.09608521312475204
it's cute for younger people but i use it some. i'm <number> yrs old.,positive,positive,0.7716988325119019,0.012669620104134083,0.21563151478767395,0.7716988325119019
"i had login throught google + <url> but i changed my mind and wanted to login through <url> so, i logged out !!! now, i cannot login back. the app is going back to registration page with the option to login to facebook !!! please look into the solution for this !",neutral,negative,0.8958811163902283,0.8958811163902283,0.09342507272958755,0.010693790391087532
please could we have the option to install to sd card. what is the point in having a large sd card if it doesn't even get used,negative,neutral,0.7420543432235718,0.0718909278512001,0.7420543432235718,0.18605482578277588
wont open at all,negative,negative,0.8981809020042419,0.8981809020042419,0.09047828614711761,0.011340747587382793
good stickers allow users to express better. how come i cannot use bbm calls?,neutral,positive,0.6442456841468811,0.009219218045473099,0.3465350568294525,0.6442456841468811
why pr have no radar????,negative,negative,0.45846909284591675,0.45846909284591675,0.4353181719779968,0.10621275752782822
before it can connect even the signal is weak now it needs more signal to connect,neutral,neutral,0.6122016310691833,0.3298758566379547,0.6122016310691833,0.0579226016998291
radar maps are all wrong,negative,negative,0.8871400356292725,0.8871400356292725,0.09869421273469925,0.014165672473609447
it is fast downloading app,positive,positive,0.905907928943634,0.009878918528556824,0.08421311527490616,0.905907928943634
make it a zoo or fish tank,positive,positive,0.6053820252418518,0.04948043078184128,0.3451375663280487,0.6053820252418518
waah!!! so nice app,positive,positive,0.721969723701477,0.028339458629488945,0.24969084560871124,0.721969723701477
why pay that price for tablet use,negative,negative,0.8399145603179932,0.8399145603179932,0.13870878517627716,0.02137666940689087
good bit doesn't have the choices in search section for type of rooms such as not-smoking or soundproof ones or double-room etc.,positive,neutral,0.740888774394989,0.018133513629436493,0.740888774394989,0.24097776412963867
too slow at times,neutral,neutral,0.7114137411117554,0.18562623858451843,0.7114137411117554,0.10296005010604858
it's very easy to use and all types of format documents easily opened,positive,positive,0.918589174747467,0.011659014970064163,0.06975177675485611,0.918589174747467
can not sign in,negative,negative,0.9288420081138611,0.9288420081138611,0.06276006996631622,0.008397992700338364
it makes team communication highly open and accessible,positive,positive,0.9288070201873779,0.01470106840133667,0.0564919151365757,0.9288070201873779
when message is being sent it takes time to be received,neutral,neutral,0.737693727016449,0.1781083643436432,0.737693727016449,0.08419795334339142
pretty accurate for the most part i think,positive,positive,0.9103007316589355,0.007579302880913019,0.08211992681026459,0.9103007316589355
spark is about the only good thing,neutral,positive,0.581057608127594,0.037111759185791016,0.381830632686615,0.581057608127594
broke the upload photo feature,negative,negative,0.7352495789527893,0.7352495789527893,0.23522917926311493,0.0295212734490633
best app but suggest download stop,positive,neutral,0.5627444982528687,0.017343992367386818,0.5627444982528687,0.4199115037918091
some hotels are a bit shady,neutral,neutral,0.6703833341598511,0.05777823179960251,0.6703833341598511,0.27183839678764343
its fun to see you're own emoji !,neutral,positive,0.7058873176574707,0.010240787640213966,0.28387194871902466,0.7058873176574707
its not so great as i expected it to be,neutral,neutral,0.8524225950241089,0.054453641176223755,0.8524225950241089,0.09312375634908676
keeps going down n the ads r anoying,negative,negative,0.5287029147148132,0.5287029147148132,0.4209458827972412,0.05035119503736496
it was good enough until i can't change my display picture,negative,neutral,0.729934573173523,0.033080581575632095,0.729934573173523,0.23698481917381287
it's a trial. editing feature not impressive.,positive,neutral,0.6542985439300537,0.2837759256362915,0.6542985439300537,0.06192556023597717
love it <url> great job <url>,neutral,positive,0.7131872177124023,0.09881918877363205,0.18799352645874023,0.7131872177124023
used to be good,negative,negative,0.7875171303749084,0.7875171303749084,0.19047804176807404,0.022004831582307816
very good and useful app,positive,positive,0.9228550791740417,0.010462071746587753,0.0666828453540802,0.9228550791740417
"the app will no longer let me delete locations. uninstalled, and reinstalled and they are still there. frustrating.",neutral,negative,0.8718571662902832,0.8718571662902832,0.11562448740005493,0.012518289498984814
"buggy, ambigue and less features",negative,neutral,0.8147357702255249,0.07697396725416183,0.8147357702255249,0.10829029977321625
"this has helped my productivity a lot. i've only recently started experiencing issues with it. before, the app used to count extra time i went without using my phone even after the <number> min mark. it was really gratifying to see how much longer i was able to last + it contributed to my forest and my overall focus count. but now it isn't doing that? so it kind of discourages me from continuing to work past the sound of the timer even if i feel like i could. if it's possible, please do something about that.",neutral,positive,0.5453647971153259,0.02314128167927265,0.43149393796920776,0.5453647971153259
"zooming slow, okay otherwise",neutral,neutral,0.8530929684638977,0.027138812467455864,0.8530929684638977,0.1197681650519371
"fix zoom in attached images! it doesn't work first <number> seconds the image open, and for gif it doesn't work at all. and is that tat hard to add rotation you've ""planned to add"" a year ago? where's a font size setting or guesture scale sor chat?",neutral,negative,0.5316824913024902,0.5316824913024902,0.43301746249198914,0.03530006855726242
when will the local adjustments tool be disponible for android users?? hope it's included on the next actualization !!,positive,neutral,0.5841637849807739,0.04299258068203926,0.5841637849807739,0.3728436231613159
just started using it !,positive,negative,0.5984755158424377,0.5984755158424377,0.2917872965335846,0.10973718017339706
so cute. wish it were easier to access via other apps,positive,positive,0.7624505162239075,0.0194318275898695,0.2181176245212555,0.7624505162239075
really like the way this app has evolved from it's first version. please add android wear notification service asap. its really easy to add and people are badly missing it.,positive,positive,0.8183088302612305,0.020434711128473282,0.16125644743442535,0.8183088302612305
"good on mobile devices ,simply good on move",positive,positive,0.6501287817955017,0.009494692087173462,0.34037649631500244,0.6501287817955017
need to avoid unwanted ads and also enhance the downloading speed. overall nice app.,positive,positive,0.8543317317962646,0.007241503801196814,0.1384267508983612,0.8543317317962646
"i really like this app and is what i go to when i start loosing concentration. i wish there were more stats and plant types, also more beautifully animated and things that change <url>",positive,positive,0.915234386920929,0.01286004763096571,0.07190558314323425,0.915234386920929
was <url> now radar broken,negative,negative,0.8607138991355896,0.8607138991355896,0.10884407162666321,0.030441997572779655
booking bait and switch,negative,negative,0.9187983870506287,0.9187983870506287,0.06599021703004837,0.015211381018161774
this seems like it would be cool,negative,neutral,0.6729748249053955,0.01872352324426174,0.6729748249053955,0.3083015978336334
cannot see my photo's on device,negative,negative,0.6425434947013855,0.6425434947013855,0.3352780044078827,0.022178450599312782
so far so good!! i love it.,positive,positive,0.884061336517334,0.022518400102853775,0.09342028200626373,0.884061336517334
"such an intrusive browser, coming from china. it can't be trusted with your online activities. indians, be aware.",negative,negative,0.9139145612716675,0.9139145612716675,0.07716377824544907,0.008921640925109386
hi i download this app he is the very good app,positive,positive,0.8567252159118652,0.021605154499411583,0.12166957557201385,0.8567252159118652
where is the download process,positive,neutral,0.5344386696815491,0.19831036031246185,0.5344386696815491,0.2672509551048279
brill so easy to use,positive,positive,0.7783045172691345,0.01790793426334858,0.20378758013248444,0.7783045172691345
the app isn't working on the note <number> . i'll update my review if/when it works.,negative,negative,0.789078414440155,0.789078414440155,0.1918329894542694,0.0190886240452528
"""you have cancelled your entire <url> ""???",negative,negative,0.9465307593345642,0.9465307593345642,0.04544565826654434,0.008023546077311039
it good for local german reports nearly as good as <url>,positive,positive,0.6173027753829956,0.009267877787351608,0.3734292685985565,0.6173027753829956
does what i need it to,neutral,positive,0.7237542867660522,0.01813480257987976,0.2581109404563904,0.7237542867660522
it's good for communication,neutral,positive,0.7547780275344849,0.007613081019371748,0.2376089245080948,0.7547780275344849
it sometimes sends the wrong <url>,neutral,neutral,0.5849569439888,0.31743019819259644,0.5849569439888,0.0976128801703453
please add the feature of sharpen and blur,neutral,positive,0.596240222454071,0.01898391917347908,0.38477587699890137,0.596240222454071
notifications aren't working???,positive,negative,0.7908569574356079,0.7908569574356079,0.18191716074943542,0.027225833386182785
lag while zoom in/out,positive,neutral,0.7506816387176514,0.08207397907972336,0.7506816387176514,0.16724447906017303
had some slowness issues?,positive,neutral,0.6905821561813354,0.11177677661180496,0.6905821561813354,0.19764107465744019
awesome app one of the <signature>,positive,positive,0.9125100374221802,0.01672559417784214,0.07076435536146164,0.9125100374221802
it does great and gives accurate weather information,positive,positive,0.9193922281265259,0.009945067577064037,0.07066278159618378,0.9193922281265259
bogus . there are several aps much useful,negative,neutral,0.5817540287971497,0.03017403371632099,0.5817540287971497,0.3880719244480133
'no notifications' doesn't work.,negative,negative,0.7930260896682739,0.7930260896682739,0.18965370953083038,0.01732015237212181
great app for managing hotel reservations on the go. it's also nice to earn rewards for frequent stays. i think this is the <signature>,positive,positive,0.9248302578926086,0.011299227364361286,0.06387055665254593,0.9248302578926086
app keeps crashing. unable to open after latest update.,positive,negative,0.9586612582206726,0.9586612582206726,0.03517966717481613,0.006159045267850161
always update but nothing improve,neutral,neutral,0.7294555902481079,0.05053519830107689,0.7294555902481079,0.22000916302204132
"great concept, poor implementation",neutral,negative,0.8580804467201233,0.8580804467201233,0.1280621886253357,0.013857421465218067
contact picture not show.,negative,neutral,0.7073182463645935,0.2353627234697342,0.7073182463645935,0.05731895565986633
canon cr <number> support please,neutral,neutral,0.5117785930633545,0.07422365993261337,0.5117785930633545,0.41399773955345154
this thing is a trap! it will take your money,negative,negative,0.9643010497093201,0.9643010497093201,0.02871098741889,0.006988088134676218
"the icon re-design is a tremendous eye-sore more fit to be the face of a pharmaceutical firm, and they didnt put any extra effort into making the app on any of the platforms, leaving gaps in design. no dark mode, no voip, no collapsing the sidebar on ios or windows. i use it because my friends do.",negative,neutral,0.6928347945213318,0.1746731400489807,0.6928347945213318,0.13249211013317108
"just need an option to mute notifications (some of us work different timezones and like sleep), other than that it works pretty well!",positive,positive,0.7356435656547546,0.008343091234564781,0.2560133934020996,0.7356435656547546
good for net work download,positive,positive,0.5684630274772644,0.009234539233148098,0.42230236530303955,0.5684630274772644
i want this feature,positive,positive,0.522117555141449,0.03734048828482628,0.44054198265075684,0.522117555141449
content rating: low maturity,positive,neutral,0.64950031042099,0.2888612151145935,0.64950031042099,0.06163850426673889
this application doesn't work in my handphone,negative,negative,0.9615871906280518,0.9615871906280518,0.03295781835913658,0.005454991012811661
slack chat is good,positive,neutral,0.5654609203338623,0.01910928264260292,0.5654609203338623,0.41542983055114746
i find the user experience superior to other apps.,positive,positive,0.5719449520111084,0.03776601329445839,0.3902890384197235,0.5719449520111084
"great app, needs better ui on reviews",neutral,positive,0.9033999443054199,0.011915631592273712,0.084684357047081,0.9033999443054199
great new camera in-app,positive,positive,0.7030342221260071,0.11068754643201828,0.18627820909023285,0.7030342221260071
would be <number> <url>,negative,neutral,0.5401390194892883,0.1156436949968338,0.5401390194892883,0.3442172706127167
it's a good application,neutral,positive,0.7646785378456116,0.00693504186347127,0.22838640213012695,0.7646785378456116
"five star service, two star app",negative,positive,0.44429370760917664,0.20663116872310638,0.34907516837120056,0.44429370760917664
everytime my phone went on sleep it killed the tree and became completely pointless because i would've had to tap my phone every <number> seconds to keep it from locking and killing the tree.,negative,negative,0.9685571789741516,0.9685571789741516,0.025637973099946976,0.005804803688079119
bbm isnt the <signature>,neutral,neutral,0.5355709791183472,0.3959119915962219,0.5355709791183472,0.06851696968078613
can you please give a little speed more on download,neutral,positive,0.5225027799606323,0.014822256751358509,0.4626748859882355,0.5225027799606323
need support for .cr <number> format,positive,neutral,0.5311687588691711,0.02756626345217228,0.5311687588691711,0.44126492738723755
"unecessarily complicated and cumbersome. it's so difficult to create new workspaces and move people from one to another. if you don't have someone's email address memorized, good luck! this app has a long way to go to be truly useful every day. in addition to the above, notifications are a bit of a nightmare. i've missed out on a lot of critical messages because notifications just don't work when they need to. i've run out of room for feedback but i could go <url>",negative,neutral,0.7204607129096985,0.21750175952911377,0.7204607129096985,0.062037523835897446
i'm surprised hdr is not supported on the huawei nexus <number> p. i realize it is isn't as new as the pixels but it's still a pretty fast phone.,neutral,positive,0.7285029888153076,0.01733250543475151,0.2541644871234894,0.7285029888153076
where is the bookmarks?,neutral,neutral,0.43048402667045593,0.4143604040145874,0.43048402667045593,0.15515553951263428
"love this app, developers have been brilliant at fixing bugs and the feedback system is great!",neutral,positive,0.8927114009857178,0.030904492363333702,0.07638416439294815,0.8927114009857178
i want to give this app <number> <url>,negative,negative,0.5803695321083069,0.5803695321083069,0.3484240472316742,0.07120642066001892
cant even sign in or sign up,negative,negative,0.9522426128387451,0.9522426128387451,0.04129541292786598,0.006462025456130505
"very nice weather app. would like to see more detail on air quality, pollen, etc",positive,positive,0.919136643409729,0.010525287128984928,0.07033805549144745,0.919136643409729
simple to use. nice option to search via map,positive,positive,0.8630859851837158,0.007807987276464701,0.12910602986812592,0.8630859851837158
what a huge step backwards for useability.,negative,negative,0.4147435426712036,0.4147435426712036,0.3913436830043793,0.19391277432441711
it is what it is!,neutral,neutral,0.4020291566848755,0.29533472657203674,0.4020291566848755,0.30263611674308777
"+pinch zoom, +++reflow text, --render speed on scroll, ---should find all pdf including dowloaded by browser, --no search, ---no images in reflow",negative,negative,0.5302608013153076,0.5302608013153076,0.43423959612846375,0.035499557852745056
this app keeps killing my tree whenever i off my <url> this is so bad. i ended up kore time restarting the timer.,negative,negative,0.9648258686065674,0.9648258686065674,0.029333731159567833,0.005840445403009653
website offers better and more search options.,negative,positive,0.546727180480957,0.0489366389811039,0.4043361246585846,0.546727180480957
i love this browser,positive,positive,0.5850800275802612,0.173214390873909,0.24170564115047455,0.5850800275802612
not always perfectly accurate. i like the hourly forecast.,positive,positive,0.5799300670623779,0.013958374969661236,0.40611153841018677,0.5799300670623779
mobile notifications not working,neutral,negative,0.7714365720748901,0.7714365720748901,0.20503456890583038,0.023528875783085823
cannot unlock password protected ebooks. can't even interact with links or buttons. worthless for password protected ebooks.,negative,negative,0.9659155011177063,0.9659155011177063,0.02881397306919098,0.005270576570183039
this app is an nice good for everything i need but they are problems u must fix,positive,positive,0.7986311912536621,0.010377014055848122,0.19099174439907074,0.7986311912536621
getting worse than before,neutral,negative,0.8294005990028381,0.8294005990028381,0.1491115391254425,0.02148793637752533
it's easier and efficient,positive,positive,0.8451405167579651,0.008680230006575584,0.1461792290210724,0.8451405167579651
"what the mobile developers do not understand is: do not ever ever change the application icon! the icon shape and color are used to quickly identify an app between other dozen apps. that's how the brain works! moreover, an update only for the app icon? where is the video recording option? i use slack daily (it's the main chat / video conferencing solution where i work) and you can simply cannot record meetings!",negative,negative,0.49224552512168884,0.49224552512168884,0.46595728397369385,0.0417972169816494
"cute and accurate, but no long hair",neutral,positive,0.6974539756774902,0.013202962465584278,0.2893430292606354,0.6974539756774902
used to work. not anymore,negative,negative,0.9323737621307373,0.9323737621307373,0.05941289663314819,0.008213359862565994
an outstanding way of communication with the team.,positive,positive,0.9253995418548584,0.016427652910351753,0.05817286670207977,0.9253995418548584
internet is better than this because,neutral,neutral,0.5143375992774963,0.09183129668235779,0.5143375992774963,0.3938310444355011
"sucks. force close, pdf never opens. htc hero.",negative,negative,0.9681326746940613,0.9681326746940613,0.026170723140239716,0.0056966086849570274
"i like it just wish tht we had more choices for the avatar and the body shapes were more womenly, besides that i think it's great!",neutral,positive,0.8731130957603455,0.008527622558176517,0.11835921555757523,0.8731130957603455
was great when it worked,negative,negative,0.4389982223510742,0.4389982223510742,0.42077669501304626,0.14022508263587952
update has ruined functionality. now difficult to search rooms for <number> people etc. terrible terrible terrible!,negative,negative,0.9693715572357178,0.9693715572357178,0.024631334468722343,0.0059970966540277
would like it better if you could use this app in fb <url>,neutral,neutral,0.5991905927658081,0.015593358315527439,0.5991905927658081,0.38521608710289
great app with potential.,positive,positive,0.9255350232124329,0.017163733020424843,0.057301271706819534,0.9255350232124329
handles small pdf files really well. needs bookmarks.,neutral,positive,0.5316196084022522,0.01783209852874279,0.45054829120635986,0.5316196084022522
why not a mobile web version ??!!?!,negative,neutral,0.5813508629798889,0.2515782117843628,0.5813508629798889,0.16707096993923187
"i love this app, the ui is nice and smooth, no bugs what-so-ever, and it knows when i press the home button and enter another app. (turn on advanced something in the settings) looks very smooth, and it works as it should! the problem is, i can't lock my phone without killing the tree, and it wastes the battery. that's pretty much my only complaint! (i'm fairly new to the app, and i heard that when your forest gets full, that you can't put in anymore trees. if so, please let the forest expand as well.)",positive,positive,0.8727996945381165,0.013056310825049877,0.11414402723312378,0.8727996945381165
i was addicted to game and other stuff my personal work ratio was too down and this app really help <url> !,positive,neutral,0.4581369161605835,0.1815837323665619,0.4581369161605835,0.3602793514728546
stuck in update mode,negative,negative,0.7146086096763611,0.7146086096763611,0.2541569471359253,0.031234394758939743
while downloading music it goes to play store .,neutral,neutral,0.6918718218803406,0.23063378036022186,0.6918718218803406,0.07749443501234055
can't append it to sd card when updated in htc wildfire,negative,neutral,0.651985228061676,0.305883526802063,0.651985228061676,0.042131200432777405
free emoticons are <url> good,neutral,neutral,0.6034914255142212,0.01615612767636776,0.6034914255142212,0.3803524971008301
"i could plant the tree while watching youtube , no different than clash of clans",negative,neutral,0.5615258812904358,0.1107664406299591,0.5615258812904358,0.32770776748657227
bbm cant connect properly,negative,negative,0.7521541714668274,0.7521541714668274,0.22756358981132507,0.02028224617242813
"it would be cooler if you could mix and match the pants, shoes, shirts, jackets, etc. instead of having to choose from predetermined outfits. i want to make my own outfit!",positive,positive,0.6179375052452087,0.014939533546566963,0.367123007774353,0.6179375052452087
"works fine, too many ads",positive,positive,0.5388975143432617,0.07015427947044373,0.39094820618629456,0.5388975143432617
they okay good on the <number> day forecast.!,neutral,positive,0.5661153793334961,0.012354475446045399,0.42153018712997437,0.5661153793334961
"when it works, it's good. but far too many crashes on my galaxy tab s <number> .",neutral,neutral,0.7487797737121582,0.014243066310882568,0.7487797737121582,0.23697714507579803
terrible it now no longer works the way it used to. it was the <signature>,negative,negative,0.9664566516876221,0.9664566516876221,0.028158193454146385,0.005385151598602533
push notifications not reliable,positive,neutral,0.8087512254714966,0.10603561252355576,0.8087512254714966,0.08521314710378647
went out and can't access it ny more. what happened. says i have <number> go thru fb or my email and i have <number> sign up and in wen i've been using it <number> the past <number> months. what happened!,neutral,negative,0.9460099339485168,0.9460099339485168,0.04771387204527855,0.006276168394833803
to set a profile picture is very frustrating as the current set up/method cuts out most of the picture. this really should be adjusted.,neutral,neutral,0.7549639344215393,0.16856814920902252,0.7549639344215393,0.07646794617176056
i liked <url> this is very useful,positive,positive,0.8311792016029358,0.01017274521291256,0.1586480438709259,0.8311792016029358
if your not using this to book your loosing out,neutral,negative,0.9147114157676697,0.9147114157676697,0.07350767403841019,0.011780912056565285
"the app keeps asking me to rate it despite me constantly telling it ""no"" so i'm rating it <number> star out of spite and partially because they don't actually follow the choices they give you.",negative,neutral,0.6624923944473267,0.23122882843017578,0.6624923944473267,0.10627882182598114
"uc browser is a fantastic browser application. the team behind the creation of this application have all done a wonderful job. keep it up as you continue to improve upon this great application. however, i wish to suggest that option to be able to send applications in speed mode { facebook, twitter etc} to phone desktop/home screen be incorporated into this application. secondly, make it possible to be able to select and set desired audio file as alert tones for applications like facebook etc. we therefore look forward to seeing these options in your next update sir. <signature>",neutral,positive,0.896864116191864,0.016377678140997887,0.08675821870565414,0.896864116191864
"battery drain, battery drain, battery drain",negative,negative,0.8204250335693359,0.8204250335693359,0.15784072875976562,0.021734217181801796
won't open raw files,negative,negative,0.9330053329467773,0.9330053329467773,0.05930658057332039,0.00768810510635376
force closes on samsung moment w/android v <number> . <number>,negative,negative,0.8141162991523743,0.8141162991523743,0.16050276160240173,0.02538101002573967
not as good as desktop app .too slow while navigaring to different channels amd personal chats.,neutral,neutral,0.66194748878479,0.29291969537734985,0.66194748878479,0.045132845640182495
weather is nice and shows precipitation also,positive,positive,0.8277344107627869,0.008857249282300472,0.16340838372707367,0.8277344107627869
"won't let me add locations, other than that, works well.",neutral,neutral,0.7908229231834412,0.09691330045461655,0.7908229231834412,0.11226381361484528
note <number> <url> of nov <number> th.,negative,neutral,0.5482309460639954,0.19709491729736328,0.5482309460639954,0.25467416644096375
rooms sold not always available,neutral,neutral,0.47208964824676514,0.45519235730171204,0.47208964824676514,0.07271803170442581
please add a feature!,neutral,positive,0.5602303743362427,0.024715332314372063,0.4150543510913849,0.5602303743362427
so many ads r coming i hate this app,negative,negative,0.9561160206794739,0.9561160206794739,0.037891119718551636,0.0059928884729743
it does what it's supposed to.,positive,neutral,0.7759786248207092,0.03355499356985092,0.7759786248207092,0.19046632945537567
it really sucks that disabling wysisyg in the settings does not work. i want my input freedom.,negative,negative,0.8647201061248779,0.8647201061248779,0.1245354413986206,0.0107445502653718
it's a decent app,positive,neutral,0.5503296256065369,0.0143333300948143,0.5503296256065369,0.435337096452713
have issue on redmi note <number>,neutral,neutral,0.6233916282653809,0.2620866298675537,0.6233916282653809,0.11452167481184006
"i would give it <number> , but it keeps stopping when converting text to pdf",positive,neutral,0.7262037992477417,0.05082470551133156,0.7262037992477417,0.22297149896621704
very good for me,positive,positive,0.9059647917747498,0.009887338615953922,0.08414790779352188,0.9059647917747498
"app whitelisting doesn't work, everything works fine when whitelisting is turned off (tree withers when i exit the app) but when it's on, i can access any app without the tree dying, not just the whitelisted ones. i've also turned on the advanced detection mode, does not help.",neutral,neutral,0.5258508920669556,0.43570244312286377,0.5258508920669556,0.03844667226076126
"this ""use"" to be the greatest weather app right up until <url> latest update froze radar animation and i don't get alerts until i open the app. deleting and going to find a better app.",negative,negative,0.7062197923660278,0.7062197923660278,0.23358917236328125,0.06019100919365883
"it does its job, but asking each time to rate the app is infuriating",neutral,neutral,0.8425908088684082,0.053934525698423386,0.8425908088684082,0.10347466170787811
my weatherbug now tells me im <number> towns away. reported <url> they told me i was dumb basically.,negative,negative,0.8734579682350159,0.8734579682350159,0.11227525770664215,0.01426681224256754
crude humor supports the deteriorating morals of society. not acceptable,negative,neutral,0.5438604950904846,0.40869417786598206,0.5438604950904846,0.04744536802172661
after installed the browser <url> phone will hang and some unwanted program to be automatically <url> will affect on <url>,negative,negative,0.8824164271354675,0.8824164271354675,0.10557737201452255,0.012006190605461597
some update or something makes this wonderful app crash. please remedy the issue!!!,neutral,positive,0.6719255447387695,0.036238521337509155,0.2918359339237213,0.6719255447387695
love it but easy on the ads pls,positive,positive,0.8304142355918884,0.012568576261401176,0.15701723098754883,0.8304142355918884
"for all those whose trees are not withering, turn off whitelist mode",neutral,neutral,0.5716627836227417,0.23129704594612122,0.5716627836227417,0.1970401555299759
"i really enjoy this app, it's been quite helpful. however, though it counts the time you exceed the preset goal you don't get any extra trees/bushes. this means that i sometimes go over my time focus goal, but only see one lonely tree for my efforts. good bit of a bummer. otherwise, love the app.",positive,positive,0.8915066719055176,0.008450936526060104,0.10004240274429321,0.8915066719055176
not as accurate at weather channel but i like that i can choose the radar location.,positive,positive,0.746932864189148,0.011248316615819931,0.24181883037090302,0.746932864189148
i prefer the blackberry version to the android version. or maybe i've not discovered all the tricks here.,neutral,neutral,0.6109985709190369,0.0457112081348896,0.6109985709190369,0.34329020977020264
great! so much potential!,positive,positive,0.8909385800361633,0.026997841894626617,0.08206361532211304,0.8909385800361633
can't use bbm after update,negative,negative,0.507020115852356,0.507020115852356,0.46184608340263367,0.03113376349210739
on getting the latest update the app stopped working all of a sudden. i use samsung galaxy s <number> . please see what has gone wrong. i tried reinstalling the app too. didn't work.,negative,negative,0.9419044852256775,0.9419044852256775,0.05085330829024315,0.007242149673402309
very very slow even on nexus one,negative,negative,0.8244771957397461,0.8244771957397461,0.1595345437526703,0.015988226979970932
like the old version better,positive,neutral,0.48613396286964417,0.04474867135286331,0.48613396286964417,0.4691174030303955
stop asking me to rate every time i launch the app.,negative,negative,0.6614981293678284,0.6614981293678284,0.2981349527835846,0.040366921573877335
lots of force closes on galaxy s.,negative,negative,0.5838468670845032,0.5838468670845032,0.36816200613975525,0.04799116030335426
needs more of the core lightroom features,neutral,neutral,0.7066453695297241,0.02839086204767227,0.7066453695297241,0.26496371626853943
"great app, just a few things that need addressed. i can no longer ""purchase"" additional trees and i have the $. it says forbidden after taking a while to load. i've uninstalled and reinstalled, running on the most current app and android os <number> . <number> , droid turbo <number> .",neutral,neutral,0.600261926651001,0.24076375365257263,0.600261926651001,0.15897436439990997
please add live radar widget!,positive,neutral,0.4856303632259369,0.1808215230703354,0.4856303632259369,0.3335481286048889
can't quickly link to specific page or bookmark. sucks. quick office is much better for reading pdfs.,negative,negative,0.9338968396186829,0.9338968396186829,0.0593099445104599,0.006793152075260878
it dose not let you do anything,negative,negative,0.8785753846168518,0.8785753846168518,0.10726485401391983,0.014159737154841423
hourly doesn't match the <number> day,neutral,negative,0.7220413684844971,0.7220413684844971,0.25544509291648865,0.02251352183520794
it's a good app,positive,positive,0.5951396822929382,0.008417751640081406,0.39644256234169006,0.5951396822929382
good app edit picture,positive,neutral,0.4956554174423218,0.011730220168828964,0.4956554174423218,0.49261438846588135
can't bookmark the page! it's hard to read an e-book and remember the page number. i will delete.,negative,negative,0.6480462551116943,0.6480462551116943,0.33150798082351685,0.020445717498660088
use for fast download,positive,positive,0.9101256132125854,0.012773552909493446,0.07710082828998566,0.9101256132125854
used to be the <signature>,negative,negative,0.5979414582252502,0.5979414582252502,0.34580937027931213,0.05624920502305031
better than most. quick and easy,positive,positive,0.9225375652313232,0.00991219375282526,0.06755025684833527,0.9225375652313232
"not fast in sending and receiving messages, the app needs to be worked on.",negative,neutral,0.7885079979896545,0.16035673022270203,0.7885079979896545,0.051135316491127014
local adjustment not appearing,positive,neutral,0.7837351560592651,0.09431148320436478,0.7837351560592651,0.1219533160328865
used to be great,negative,negative,0.8367369174957275,0.8367369174957275,0.14571096003055573,0.017552101984620094
just got it <url> fingers crossed,neutral,neutral,0.43556034564971924,0.32188767194747925,0.43556034564971924,0.2425520122051239
best pic editing <url>,positive,positive,0.8292843103408813,0.011271792463958263,0.15944385528564453,0.8292843103408813
no bookmark or jump page. doesnt remember where i was when closed,negative,negative,0.8870784640312195,0.8870784640312195,0.10065240412950516,0.012269064784049988
"good. only complaint is that sometimes the location on my lock screen is not my current location, but a random one from my saved places.",positive,positive,0.6513279676437378,0.0076041086576879025,0.3410678803920746,0.6513279676437378
for the older version,neutral,neutral,0.5178650617599487,0.2511979937553406,0.5178650617599487,0.2309369593858719
"this app is pretty good, but i wish i could use this in my normal keyboard and i hope that it will be animated and have a transparent background",positive,positive,0.7196340560913086,0.009188169613480568,0.2711777985095978,0.7196340560913086
it's very accurate and good,positive,positive,0.8961238265037537,0.007766739930957556,0.09610940515995026,0.8961238265037537
loved it till i got a new phone,negative,negative,0.44823500514030457,0.44823500514030457,0.423184335231781,0.12858067452907562
works ok but crashes when i rotate my archos <number> .,neutral,neutral,0.852647602558136,0.038746993988752365,0.852647602558136,0.10860535502433777
bloats <number> megs needs to be movable to <url>,negative,neutral,0.5254671573638916,0.4203938841819763,0.5254671573638916,0.0541389063000679
shares the way it wants without permission,negative,neutral,0.49252212047576904,0.4457551836967468,0.49252212047576904,0.061722688376903534
external storage for cache,neutral,neutral,0.6547968983650208,0.09665670990943909,0.6547968983650208,0.24854634702205658
the radar map is practically useless now,negative,negative,0.9685830473899841,0.9685830473899841,0.024785203859210014,0.006631785072386265
will not select the correct current location.,negative,neutral,0.6766886711120605,0.2581702470779419,0.6766886711120605,0.06514102965593338
cant edit my avatar and cant log in!!,negative,negative,0.9452197551727295,0.9452197551727295,0.04830306023359299,0.006477104499936104
this is worse than what we call pathetic when it comes to mobile app.,negative,negative,0.9570688605308533,0.9570688605308533,0.03685617446899414,0.006075022742152214
updated to make it worst,negative,negative,0.9516185522079468,0.9516185522079468,0.04018270969390869,0.008198787458240986
the trees do not die when i leave the app which is what the app was supposed to do should i have left the app to use other apps like ig or youtube,negative,negative,0.5060777068138123,0.5060777068138123,0.40576982498168945,0.08815247565507889
new version is a major step back,negative,positive,0.49475303292274475,0.16702982783317566,0.3382171392440796,0.49475303292274475
awesome and secure app,positive,positive,0.902627170085907,0.02183535136282444,0.07553752511739731,0.902627170085907
awful app. really awful.,negative,negative,0.9655157923698425,0.9655157923698425,0.027774455025792122,0.0067098126746714115
would rate <number> <url>,negative,neutral,0.590103805065155,0.0953572541475296,0.590103805065155,0.3145388662815094
"makes an incredibly annoying and loud clicking sound through the speakers whenever you take a photo, with no ability to disable it.",neutral,negative,0.7722303867340088,0.7722303867340088,0.2077394723892212,0.020030103623867035
it's nice but some problems r there,neutral,neutral,0.5379353761672974,0.00928605068475008,0.5379353761672974,0.4527786374092102
have used it for years,positive,positive,0.7918834090232849,0.07616405189037323,0.13195255398750305,0.7918834090232849
hope it supports split screen,positive,neutral,0.6430532336235046,0.026407914236187935,0.6430532336235046,0.33053889870643616
good app to <url> i alwayz prefer uc browser to <url>,positive,neutral,0.6263895630836487,0.017575111240148544,0.6263895630836487,0.3560352623462677
some issues but otherwise excellent,positive,positive,0.545121967792511,0.009907923638820648,0.44497010111808777,0.545121967792511
"this app is great, allows you to edit raw files, and almost has all the same options as a desktop/laptop version. the only thing i would really love to see is a brush setting, really all it needs for <number> stars in my books!",positive,positive,0.9031370878219604,0.020727884024381638,0.07613503932952881,0.9031370878219604
basic stuff done well,neutral,positive,0.8002755641937256,0.018534159287810326,0.18119022250175476,0.8002755641937256
unfriendly to free users,negative,negative,0.9487440586090088,0.9487440586090088,0.04465779662132263,0.006598240230232477
crashed my phone twice in a row doing nothing more then trying to read a <url>,negative,negative,0.9554236531257629,0.9554236531257629,0.037954337894916534,0.006622015964239836
has become unreliable and very inaccurate. loved it and now will get rid of because of terrible forecasts.,negative,negative,0.9593198895454407,0.9593198895454407,0.035016581416130066,0.005663508083671331
still no group contacts like old bbm,negative,neutral,0.7489994168281555,0.11018430441617966,0.7489994168281555,0.14081624150276184
"slow loading, double notifications",neutral,neutral,0.7544266581535339,0.1836305558681488,0.7544266581535339,0.06194276362657547
i love this app but sometimes it is really lagging.,positive,neutral,0.4962103068828583,0.043878354132175446,0.4962103068828583,0.4599112868309021
freezes when opening pdfs. useless. root droid <number> . <number>,negative,negative,0.9651534557342529,0.9651534557342529,0.02904747612774372,0.0057991743087768555
"really nice app ,with grt way to analyse yr productivity",positive,positive,0.7810013890266418,0.01351542305201292,0.20548316836357117,0.7810013890266418
great but one major problem,positive,positive,0.8294713497161865,0.031910914927721024,0.13861772418022156,0.8294713497161865
this program needs to be able to jump to specific pages in the pdf. i have a <number> page set of blueprints in need to access multiple times daily. fix,negative,neutral,0.48821109533309937,0.4674139618873596,0.48821109533309937,0.04437503591179848
something went wrong before i could access this app. immediately <url> viruses needed.,negative,negative,0.8374917507171631,0.8374917507171631,0.1441987156867981,0.01830960437655449
last update problem when search number adults,negative,neutral,0.6056879162788391,0.3168810307979584,0.6056879162788391,0.07743102312088013
very good app very easy,positive,positive,0.9203702807426453,0.010528634302318096,0.06910112500190735,0.9203702807426453
it's good app and doesn't contain virus,positive,neutral,0.7172657251358032,0.013891523703932762,0.7172657251358032,0.2688426971435547
please add widgets for slack,positive,positive,0.570926308631897,0.02731923572719097,0.4017544090747833,0.570926308631897
add hdr support for htc <number> please!,neutral,positive,0.5033882856369019,0.02555641159415245,0.4710552990436554,0.5033882856369019
"suddenly it's killing all my trees it's was working perfectly, but now i keep getting a ""unknown app'",negative,neutral,0.6550025343894958,0.23952901363372803,0.6550025343894958,0.10546848177909851
well <url> you need access to my files and my camera ? looks like an insecure joke. i 'll install once we are back to serious.,negative,neutral,0.7700932621955872,0.1063811257481575,0.7700932621955872,0.12352564185857773
this app is <url> not as expected,negative,negative,0.54524165391922,0.54524165391922,0.41156360507011414,0.0431947261095047
please add remind me option,neutral,positive,0.5562318563461304,0.024260342121124268,0.419507771730423,0.5562318563461304
"original user interface, very usable.",positive,neutral,0.5319048166275024,0.0745694562792778,0.5319048166275024,0.39352571964263916
i use this site for booking over night stays when going on holiday. good hotel and great staff.,positive,positive,0.9196555018424988,0.009356553666293621,0.07098793983459473,0.9196555018424988
can't access my account,negative,negative,0.9463921189308167,0.9463921189308167,0.04763537272810936,0.005972470156848431
very useful to find non-chain hotels--saving lots of money when all you need is a clean room and a servicable bed.,positive,positive,0.9120703935623169,0.00831587240099907,0.07961367070674896,0.9120703935623169
"love it, something for almost every occasion!",positive,positive,0.8898929357528687,0.031131425872445107,0.07897564768791199,0.8898929357528687
doesn't format text correctly,neutral,neutral,0.5857036113739014,0.37314456701278687,0.5857036113739014,0.04115184769034386
"despite all these new pdf readers, this app provides very good benefits",positive,positive,0.8518813848495483,0.011486691422760487,0.13663192093372345,0.8518813848495483
love it but hate it,neutral,neutral,0.5581446886062622,0.2609933912754059,0.5581446886062622,0.1808619201183319
great application. efficient way to browse and book accommodation.,neutral,positive,0.9328362345695496,0.010800551623106003,0.05636320263147354,0.9328362345695496
great mutch eadier than website. quick and convenient,positive,positive,0.9184184074401855,0.008729618042707443,0.0728520005941391,0.9184184074401855
excellent. not needing any permissions is cool.,neutral,positive,0.7261249423027039,0.007731063291430473,0.26614391803741455,0.7261249423027039
"works pretty good, nice to finally have this on android.",positive,positive,0.9172856211662292,0.00814045313745737,0.07457399368286133,0.9172856211662292
to boring and to many adds,negative,neutral,0.5562984347343445,0.3438306152820587,0.5562984347343445,0.099870964884758
reply from notification and remove bbm channels,neutral,negative,0.5367184281349182,0.5367184281349182,0.4005522131919861,0.0627293586730957
love the app but current temperature doesn't stay in the notification bar even though i have it set to go the settings. please fix. i have to constantly open the app for current temp.,positive,positive,0.7242089509963989,0.028659384697675705,0.24713167548179626,0.7242089509963989
i like it . works great,neutral,positive,0.923222541809082,0.013836760073900223,0.06294063478708267,0.923222541809082
it's good for documents viewings and managing.,positive,positive,0.8070411086082458,0.007335756905376911,0.18562309443950653,0.8070411086082458
it's good but not too much <url> it's working well,positive,neutral,0.6176009178161621,0.009734776802361012,0.6176009178161621,0.37266433238983154
pic porn on ads,negative,negative,0.8753992915153503,0.8753992915153503,0.1071905866265297,0.017410164698958397
dope! i wish there was a batch deletion feature.,positive,negative,0.7952466011047363,0.7952466011047363,0.18234369158744812,0.02240964211523533
"worked great for years but now it double posts everything i send on my chromebook. love it on every other <url> iphone, mac. i hope this is fixed in the next <url> !",neutral,positive,0.8183116316795349,0.03984367474913597,0.1418447047472,0.8183116316795349
"sering error, but it's fine. still working",positive,neutral,0.7320951819419861,0.01873951591551304,0.7320951819419861,0.24916528165340424
full of bugs. i can claim the reward but my coins doesn't increase at all????,negative,negative,0.6943901777267456,0.6943901777267456,0.27114439010620117,0.03446546941995621
reliable when signal is good,positive,positive,0.7245706915855408,0.008895324543118477,0.2665340006351471,0.7245706915855408
love it and hate it.,neutral,negative,0.9021669626235962,0.9021669626235962,0.0826784148812294,0.01515459455549717
would be good if you could delete after finished!,neutral,neutral,0.6561620831489563,0.016997650265693665,0.6561620831489563,0.32684028148651123
works for me. only one i ever use.,positive,positive,0.7940698862075806,0.08257076889276505,0.1233593225479126,0.7940698862075806
error <url> do not work. i'm having <number> . <number> . <number> <url> still not working .,negative,negative,0.954199492931366,0.954199492931366,0.03915368765592575,0.006646847352385521
it is very good but it needs more options on the facial features and the body motifications,positive,positive,0.8153759241104126,0.007269947789609432,0.17735408246517181,0.8153759241104126
takes up <number> percent of the <url> saves everything u <url> good for a <url> have motorola droid.,negative,neutral,0.7110784649848938,0.22265581786632538,0.7110784649848938,0.06626569479703903
nice <url> was using this <url> information for news and latest updates,neutral,positive,0.7171688675880432,0.02908942475914955,0.25374168157577515,0.7171688675880432
"the whitelist doesn't <url> no matter what i do, my tree dies.",neutral,negative,0.8167335987091064,0.8167335987091064,0.1627718061208725,0.020494544878602028
"good app, but lacking android wear (and thus pebble) support. i prefer google hangouts to slack because of this missing functionality.",neutral,neutral,0.7696271538734436,0.02171287313103676,0.7696271538734436,0.2086600363254547
great but too much phone access,neutral,positive,0.5827369689941406,0.03080151043832302,0.3864614963531494,0.5827369689941406
if you can't offer better pricing you're useless,negative,negative,0.9549833536148071,0.9549833536148071,0.038256604224443436,0.006760088261216879
seriously your ad blocker never works everytime i go to movies site pop up ads pop ups every second very irritating don't <url> u will never get good surfing experience,negative,negative,0.9267975687980652,0.9267975687980652,0.06574541330337524,0.007457047235220671
minimize category and bbm group user friendly,positive,neutral,0.7705349326133728,0.06618332117795944,0.7705349326133728,0.16328178346157074
it doesn't save the last page you were on. it's annoying.,neutral,neutral,0.8002952933311462,0.10922037810087204,0.8002952933311462,0.09048431366682053
please add something which shows you how long you've worked for each day and maybe a graph for comparing different working times,neutral,positive,0.7684119343757629,0.009737676940858364,0.22185033559799194,0.7684119343757629
not bad better than other,positive,neutral,0.5078870058059692,0.024001462385058403,0.5078870058059692,0.4681115448474884
i like the radar and spark. i work outside so that helps. the temp though? <url> but i guess that's what you get when trying to predict the actions of the most volatile woman in existence. mother nature of course.,neutral,positive,0.8547635674476624,0.011914470233023167,0.13332198560237885,0.8547635674476624
why it is asking to download uc browser when i am going to download song and i don't want to download uc browser,negative,negative,0.7688661217689514,0.7688661217689514,0.20975998044013977,0.021373892202973366
"awesome app!! it helps me a <url> i think it will be better if it had a <url> like we can time when it will start <url> sometimes i like to use my phone a lot. like before bed or using my phone at <url> smting like that. if you had the timer, we can set our work time so we would not play phones at certain <url> but still this app is great!!",positive,positive,0.9111425876617432,0.013612601906061172,0.07524482160806656,0.9111425876617432
good app but <url>,neutral,neutral,0.7195962071418762,0.0201862882822752,0.7195962071418762,0.260217547416687
does the job it aims to do,neutral,positive,0.7894276976585388,0.03530579432845116,0.17526648938655853,0.7894276976585388
ridiculous. why the hell i cannot move it to memory card?,negative,negative,0.9560292363166809,0.9560292363166809,0.036657560616731644,0.00731316301971674
download error problem network gone after network connected again donwload doesn't resume,neutral,negative,0.7204209566116333,0.7204209566116333,0.2531684339046478,0.026410697028040886
"i would give this app more stars if it weren't for the inability to get an overview of the total number of hours sunk into each tag rather than just a percentage, extend the amount of time you want on the fly and to filter by multiple tags vs either only one or all at the moment.",neutral,positive,0.6874662041664124,0.01958146132528782,0.2929523289203644,0.6874662041664124
"its cool, i love it",neutral,positive,0.6667466759681702,0.012750866822898388,0.32050248980522156,0.6667466759681702
warning. bad apps. this apps cheat ur money on cancelation,negative,negative,0.9642828702926636,0.9642828702926636,0.030328994616866112,0.005388150457292795
please fix!! then <number> stars,negative,neutral,0.4783196449279785,0.3276871144771576,0.4783196449279785,0.19399327039718628
it's ok this apps,positive,neutral,0.846304714679718,0.015327361412346363,0.846304714679718,0.13836795091629028
please add support for links inside pdf! great app but i really miss that feature!!,neutral,positive,0.8849274516105652,0.008876584470272064,0.10619590431451797,0.8849274516105652
weatherbug was better <number> years back than it is now. i do not like the last few updates. the maps not as good especially showing cloud cover with storms or without. the layers is really sib par from the way it was. now for the last <number> days its shutting down for no reason,neutral,neutral,0.6111909747123718,0.3324538469314575,0.6111909747123718,0.056355126202106476
uc helpful but it's have many bad <url>,positive,neutral,0.6304184198379517,0.02150537446141243,0.6304184198379517,0.3480762243270874
it tells me what i need to know,positive,positive,0.750942051410675,0.023340333253145218,0.22571760416030884,0.750942051410675
addicted to phone? this is the app,positive,negative,0.9152259826660156,0.9152259826660156,0.07254908978939056,0.012224963866174221
works well but beware the enormous memory use for data. if this could be stored on sd card then i would give <number> stars. as it is may have to uninstall.,neutral,neutral,0.6818040609359741,0.02080482244491577,0.6818040609359741,0.2973911166191101
nice app for viewing documents!!! have been using it since many years!,positive,positive,0.918989896774292,0.010125566273927689,0.07088447362184525,0.918989896774292
doesn't have a logout option,positive,neutral,0.6932451725006104,0.2325073629617691,0.6932451725006104,0.07424739748239517
enlarge capacity for sending video,neutral,neutral,0.6745582818984985,0.08381975442171097,0.6745582818984985,0.2416219264268875
"it needs to have color, hairstyles and have character friends we pick on the lists to be in emojis too. plus can we have clothes come from video games and movies. plz",positive,positive,0.7803161144256592,0.01582445204257965,0.20385946333408356,0.7803161144256592
excellent considering all i want is pdf reader. but confused why such a basic thing like bookmarks is missing! the page nav good but never accurate,neutral,positive,0.7386370301246643,0.009145704098045826,0.25221726298332214,0.7386370301246643
very funny! it crashes in my s <number> edge+,negative,neutral,0.4998472332954407,0.2912856638431549,0.4998472332954407,0.20886708796024323
cant book in alantic city nj,negative,negative,0.5220692753791809,0.5220692753791809,0.43799981474876404,0.03993089124560356
learnt about it hope it is going to be <url>,neutral,neutral,0.478822261095047,0.1924505978822708,0.478822261095047,0.328727126121521
i think it is cool because you can use it for anything and could make stories etc.,positive,positive,0.7297812700271606,0.009720115922391415,0.26049864292144775,0.7297812700271606
"so powerful, yet so limited.",neutral,neutral,0.6452149748802185,0.07305506616830826,0.6452149748802185,0.28172993659973145
i really like this app. have a lot of fun with it when i send text messages. haven't had any problems with it.,neutral,positive,0.8900619745254517,0.013572225347161293,0.0963658019900322,0.8900619745254517
new icon is really lame. looks like google <url> hahaha. binit,negative,negative,0.9125015735626221,0.9125015735626221,0.07874301075935364,0.008755403570830822
easy and convenient to use,positive,positive,0.9092368483543396,0.009093238972127438,0.0816698968410492,0.9092368483543396
holy data <url> people please!,negative,negative,0.41025280952453613,0.41025280952453613,0.3975582718849182,0.19218887388706207
screw you slack for arbitrarily forcing everyone on mobile to download this utterly superfluous client while your services run well in browser.,negative,negative,0.9684528708457947,0.9684528708457947,0.02539132721722126,0.006155872717499733
sometime. . force close hard launch,neutral,neutral,0.7051345705986023,0.08391343057155609,0.7051345705986023,0.2109520584344864
"slow, and hang when zoom",negative,neutral,0.669205904006958,0.2754470407962799,0.669205904006958,0.055347029119729996
"the app is really good. i find it really fun but i suggest that you guys add piercings, birthmarks, beauty marks and things like that, maybe even allow more then two bitmoji characters. other than that, the app is really good",positive,positive,0.8542798757553101,0.0072197746485471725,0.13850033283233643,0.8542798757553101
"would pay extra to get the ads to go away. otherwise, very good.",neutral,neutral,0.5694249868392944,0.01394584309309721,0.5694249868392944,0.4166291654109955
beware making fool and cheating beware,negative,negative,0.9668666124343872,0.9668666124343872,0.026893755421042442,0.0062397317960858345
what happened to the paid version?,negative,negative,0.9044262766838074,0.9044262766838074,0.07975410670042038,0.01581958681344986
good <number> st version - htc one m <number>,positive,neutral,0.6528379917144775,0.015691976994276047,0.6528379917144775,0.3314700722694397
great app use it to store music in,positive,positive,0.9131787419319153,0.02516181208193302,0.061659421771764755,0.9131787419319153
"could use a bit of <url> other than that, great concept and idea!",neutral,positive,0.7671959400177002,0.00978032499551773,0.2230236679315567,0.7671959400177002
more customizable than the other guy but not as complete as i'd like,positive,neutral,0.714709460735321,0.020706553012132645,0.714709460735321,0.2645839750766754
"i always like this app since i used my old curve. but the ads kill me, hahahaha.",positive,neutral,0.5563002824783325,0.29213911294937134,0.5563002824783325,0.15156053006649017
"what a crappy app. rim can do much betta than this. wanted to give it a zero star but that option ain't available, i wonder why.",negative,negative,0.948091447353363,0.948091447353363,0.044743429869413376,0.007165078539401293
it's a good app . it saved my mobile from getting virus into my mobile,positive,positive,0.7928745746612549,0.007518179714679718,0.199607253074646,0.7928745746612549
it's really nice !!!,neutral,positive,0.8074736595153809,0.00918620266020298,0.1833401322364807,0.8074736595153809
"the prices are super high. like,the great <url> a billionaire could pay, but they would be poor afterwards. don't use!",negative,negative,0.9263813495635986,0.9263813495635986,0.06551820039749146,0.008100448176264763
"great local forecast, maybe because i live near their headquarters. it works great when i travels as well.",positive,positive,0.907063364982605,0.012306377291679382,0.08063030987977982,0.907063364982605
not very compatible with pomodoro technique,neutral,neutral,0.8048812747001648,0.09453491866588593,0.8048812747001648,0.10058373212814331
very useful and reliable app. documents are available offline which i find very convenient,positive,positive,0.9324352741241455,0.010390753857791424,0.05717397853732109,0.9324352741241455
too many ads! hate it,negative,negative,0.9595980048179626,0.9595980048179626,0.0346435122191906,0.005758496001362801
good but i don't like this app becouse of that annoying ads please remove this <url>,negative,neutral,0.7450017929077148,0.025379642844200134,0.7450017929077148,0.22961853444576263
improve android app please,neutral,neutral,0.5182207226753235,0.030670451000332832,0.5182207226753235,0.45110881328582764
not happy over my profile picture,neutral,negative,0.8016252517700195,0.8016252517700195,0.17726464569568634,0.021110111847519875
foxit reader is more convenient,positive,neutral,0.522249698638916,0.03602838143706322,0.522249698638916,0.44172191619873047
"cute, simple and motivating!",positive,positive,0.9212613701820374,0.012118438258767128,0.06662023067474365,0.9212613701820374
good but could be better,positive,neutral,0.6715948581695557,0.0137515589594841,0.6715948581695557,0.31465357542037964
"one of the essential apps, but imperfectly realized in android",positive,neutral,0.6259177923202515,0.07943375408649445,0.6259177923202515,0.29464849829673767
like it but too much ads,positive,neutral,0.6831564903259277,0.044470757246017456,0.6831564903259277,0.2723727822303772
still very lame. can't open pdfs that are image scans. cmon adobe. really?,negative,negative,0.9293518662452698,0.9293518662452698,0.06256561726331711,0.00808254536241293
"after unable to launch get fixed in the update last night, all my past <number> days history is gone <url> all my lemon <url> this how the developer improve performance? very <url>",negative,negative,0.8808159232139587,0.8808159232139587,0.10091304033994675,0.018271060660481453
you better call it off. useless.,negative,negative,0.9695177674293518,0.9695177674293518,0.023937102407217026,0.006545124109834433
as good as the web version,positive,positive,0.55473792552948,0.011233179830014706,0.43402886390686035,0.55473792552948
just updated bbm and all of my chat history disappeared! need a way to restore it. pls fix it.,neutral,negative,0.8846859335899353,0.8846859335899353,0.10317092388868332,0.01214304007589817
<salutation> can't even open password protected files. waste of time and memory,negative,negative,0.9669423699378967,0.9669423699378967,0.02736670710146427,0.005690882448107004
i dont understand this ap,neutral,negative,0.9202253818511963,0.9202253818511963,0.07012885063886642,0.009645728394389153
its a very good app,positive,positive,0.8201695680618286,0.008315970189869404,0.17151448130607605,0.8201695680618286
good website for hotels. plenty of options and many with free cancellation.,positive,positive,0.7798795700073242,0.0074151852168142796,0.21270518004894257,0.7798795700073242
bad very very bad. in all website you have ads <url> is <url> <url> bad things <url> <url>,negative,negative,0.965314507484436,0.965314507484436,0.02901541255414486,0.005670100450515747
claims app <number> sd but <url> no option to move from phone to sd card. it's a <number> +mb app. htc di <number> . <number>,neutral,neutral,0.7384942770004272,0.2007133662700653,0.7384942770004272,0.060792431235313416
"unnecessary app, please kill it.",negative,negative,0.9480536580085754,0.9480536580085754,0.04554349556565285,0.00640290230512619
my favorite way to communicate,positive,positive,0.8810810446739197,0.024340571835637093,0.09457836300134659,0.8810810446739197
quickly opens up the pdf <url> and very user friendly,positive,positive,0.9087632298469543,0.012211648747324944,0.07902509719133377,0.9087632298469543
force closed after update,neutral,negative,0.9096571207046509,0.9096571207046509,0.0723000317811966,0.0180427934974432
this app is nice for safe <url>,neutral,positive,0.7286314368247986,0.010761523619294167,0.2606070339679718,0.7286314368247986
brings so much important info to my phone in an easy to use format.,positive,positive,0.8702267408370972,0.023429719731211662,0.10634349286556244,0.8702267408370972
very nice and helpful app,positive,positive,0.9188199043273926,0.013186683878302574,0.0679934099316597,0.9188199043273926
don't send fake news,neutral,negative,0.8352100849151611,0.8352100849151611,0.14481163024902344,0.019978301599621773
it asks for login every time i start it and that is very annoying. on my ipad it does not behave that way.,neutral,negative,0.7785166501998901,0.7785166501998901,0.2061515897512436,0.015331685543060303
update <url> bisa copy comment di picture group <url> info bagaimana cara copy coment nya?,negative,neutral,0.46104896068573,0.4003487527370453,0.46104896068573,0.13860230147838593
"good so far on phone, afraid to install on laptop, had a older version that wouldn't go away and had constant ads and pop-ups",positive,neutral,0.6695271730422974,0.03544161841273308,0.6695271730422974,0.29503118991851807
this app is far too big.,negative,negative,0.6781294345855713,0.6781294345855713,0.2747263014316559,0.04714431241154671
this is a good app,positive,positive,0.7197928428649902,0.010041166096925735,0.27016597986221313,0.7197928428649902
"i'm heard about security concerns related to this browser, can u explain it?",neutral,neutral,0.5981246829032898,0.22689740359783173,0.5981246829032898,0.17497792840003967
worst app in world,negative,negative,0.9694488644599915,0.9694488644599915,0.024380413815379143,0.006170683540403843
i wish i could make funnies with my friends in them. not just in snapchat. otherwise a very fun app.,positive,positive,0.7924544215202332,0.008988981135189533,0.19855661690235138,0.7924544215202332
its alright but got a long way to go to better repligo. need to be able to skip to chapters and double tap zoom should fit paragraph to screen width,neutral,neutral,0.7253422737121582,0.013070237822830677,0.7253422737121582,0.2615874707698822
just missing an iphone feature.,positive,neutral,0.7614171504974365,0.10567376762628555,0.7614171504974365,0.1329091340303421
not as good as on the blackberry phones doesn't show a red star to let you know you have an unread message unless you open the app,neutral,neutral,0.7887905836105347,0.15957696735858917,0.7887905836105347,0.05163240805268288
excellent with some improvements,positive,positive,0.917271077632904,0.0072847288101911545,0.07544423639774323,0.917271077632904
add fonts and stuff,positive,positive,0.7995539903640747,0.012677803635597229,0.18776819109916687,0.7995539903640747
please add some more features,positive,positive,0.5908088088035583,0.017788415774703026,0.39140284061431885,0.5908088088035583
wish you could choose a friends to be part of the emoji,neutral,neutral,0.6300591826438904,0.016512155532836914,0.6300591826438904,0.3534286916255951
this app is useless. if i hit the home button the app plays in the background of my phone without the tree dying. that literally defeats the entire purpose of the app,negative,negative,0.9694188237190247,0.9694188237190247,0.024264464154839516,0.006316754966974258
now i accepted it,positive,neutral,0.3848021328449249,0.2698429226875305,0.3848021328449249,0.34535497426986694
support for password protected documents.,neutral,positive,0.7769924402236938,0.014577336609363556,0.20843026041984558,0.7769924402236938
discord came out and improved on slack in every way. there is no reason to use this trash anymore.,negative,negative,0.9643279910087585,0.9643279910087585,0.029540354385972023,0.0061316643841564655
not anymore waste of time,negative,negative,0.8936032056808472,0.8936032056808472,0.09134554862976074,0.01505124382674694
not able to sign in,negative,negative,0.902855396270752,0.902855396270752,0.0843428373336792,0.012801749631762505
edit: i found the lemons and how to kill trees,positive,neutral,0.46095654368400574,0.14367486536502838,0.46095654368400574,0.3953686058521271
always eror <url> this app,negative,positive,0.43787720799446106,0.18341803550720215,0.37870481610298157,0.43787720799446106
has too much space for ads. premium for login. there are more user friendly ways to monetize your app. the concept is ok but poorly executed,negative,neutral,0.5928752422332764,0.37048161029815674,0.5928752422332764,0.03664323687553406
"since using a new update, my htc one x, always not <url>",negative,negative,0.6496239900588989,0.6496239900588989,0.31945621967315674,0.030919834971427917
wpupd give more stars if we could use this app on fb messenger,neutral,neutral,0.5675641298294067,0.14167459309101105,0.5675641298294067,0.2907612919807434
"not more reliable as the desktop app, but it is enough to get by",neutral,neutral,0.7672303915023804,0.02143622562289238,0.7672303915023804,0.21133333444595337
does not open all pdf files that you can open with adobe on the pc. uninstalled.,negative,negative,0.9677437543869019,0.9677437543869019,0.026358839124441147,0.005897419527173042
"really bad. zoom removes text, outer viewmode locks scrolling etc etc",negative,negative,0.9617395997047424,0.9617395997047424,0.03226001560688019,0.006000434048473835
i think the app is ment for book worms and book worms like me love it,neutral,positive,0.8156899213790894,0.05304503068327904,0.13126502931118011,0.8156899213790894
chat app or ads app,negative,neutral,0.5289194583892822,0.3284144997596741,0.5289194583892822,0.14266596734523773
"good accuracy, clean look and good features.",positive,positive,0.9021806120872498,0.007832519710063934,0.08998686820268631,0.9021806120872498
tree doesn't whether if i leave the app n play game this app sucks,negative,negative,0.8775237202644348,0.8775237202644348,0.1113908439874649,0.011085450649261475
even worse than photoshop,negative,negative,0.8012804985046387,0.8012804985046387,0.17286449670791626,0.025854971259832382
begging for bookmark and copy paste option <url>,neutral,negative,0.8724789023399353,0.8724789023399353,0.1126590222120285,0.01486205868422985
forgets where i was when killed by the system,neutral,negative,0.4845793843269348,0.4845793843269348,0.46125274896621704,0.05416785553097725
very good. am no lonnger using infinix <number> am using mi note and it is very difficut for me to update my mi note phone.,neutral,positive,0.7964345812797546,0.016623973846435547,0.18694151937961578,0.7964345812797546
not easy to use,neutral,neutral,0.8000892996788025,0.1180441826581955,0.8000892996788025,0.08186650276184082
good app but huge filespace,neutral,neutral,0.5566954612731934,0.01950973831117153,0.5566954612731934,0.42379477620124817
no substitute for this great secure app for mobile communication in real time,positive,positive,0.7576655745506287,0.05721000209450722,0.18512441217899323,0.7576655745506287
not for bald people,negative,neutral,0.6951232552528381,0.1106346920132637,0.6951232552528381,0.19424207508563995
really useful app. totally enjoyed using it. i had downloaded this without many expectations but the simplicity and perfection that this app delivered totally blew me away. hats off to the developers !! keep up the great work !!,positive,positive,0.9152007102966309,0.015493017621338367,0.06930624693632126,0.9152007102966309
"it's a good app overall, but the hourly forecast is totally unreliable. if the amatuers at weather underground can get it right <number> % of the time, why is weatherbug wrong <number> % of the time? c'mon folks, it's obviously do-able, so please try putting in the effort to get it right in the future (or at least check out the weather underground site and copy their work).",neutral,neutral,0.6499840021133423,0.01601376198232174,0.6499840021133423,0.33400216698646545
so so. like other apps in the play store. nothing special.,neutral,neutral,0.6882504820823669,0.03373430669307709,0.6882504820823669,0.27801525592803955
the standard tool for exchanging documents online,positive,positive,0.8550677299499512,0.025161245837807655,0.11977104097604752,0.8550677299499512
please fix some bug n i will give u <number> star,neutral,neutral,0.5961856245994568,0.10497850924730301,0.5961856245994568,0.2988358736038208
great app over all,positive,positive,0.8652709722518921,0.05255232751369476,0.08217675983905792,0.8652709722518921
the app is interactive and has all the required functions.,positive,positive,0.6418899297714233,0.034946542233228683,0.32316356897354126,0.6418899297714233
it's ok but the follow me is crap,neutral,neutral,0.8297179937362671,0.025479378178715706,0.8297179937362671,0.14480265974998474
update every <number> minutes,neutral,neutral,0.5450167059898376,0.37777963280677795,0.5450167059898376,0.07720363885164261
"i have installed and uninstalled repeated this several times, all it wants to do is update continuously. i can't use it at all.",negative,negative,0.9505239725112915,0.9505239725112915,0.04332764446735382,0.0061483788304030895
used battery most show identity,negative,neutral,0.4945615231990814,0.15347707271575928,0.4945615231990814,0.3519613742828369
should have more filtering options. should stop nagging for a review when you've already posted one.,neutral,neutral,0.7821981906890869,0.019223803654313087,0.7821981906890869,0.19857792556285858
"after reservation want to add rooms but app just crash, keep loading",negative,negative,0.7213185429573059,0.7213185429573059,0.25241824984550476,0.026263227686285973
lost in the translation,negative,negative,0.5820257067680359,0.5820257067680359,0.34310510754585266,0.07486916333436966
new version is much slower than the last. loading messages and channels feels sluggish and tedious.,negative,neutral,0.8242666721343994,0.12100730836391449,0.8242666721343994,0.05472599342465401
where did the precipitation amounts go?,negative,neutral,0.45647475123405457,0.3496159017086029,0.45647475123405457,0.19390933215618134
"it's nice, but it would be great there'd be some piercings",positive,positive,0.6303287744522095,0.00761066609993577,0.3620605766773224,0.6303287744522095
it's a good app,positive,positive,0.595139741897583,0.00841775257140398,0.3964425027370453,0.595139741897583
good but could be better,positive,neutral,0.6715948581695557,0.013751565478742123,0.6715948581695557,0.314653605222702
last update hosed app,negative,negative,0.906223475933075,0.906223475933075,0.07991573214530945,0.013860834762454033
"it keeps crashing. i like yet very annoying to keep <url> , weather stopped working.",neutral,neutral,0.4981823265552521,0.4197435677051544,0.4981823265552521,0.08207415789365768
the app would be better if you let us use calculator and <url> bcoz sometimes while studying you have to google something <url> just a suggestion.,neutral,neutral,0.6034641861915588,0.019104642793536186,0.6034641861915588,0.37743115425109863
"i love the amount of data and the warnings. however in the last <number> months the application has failed to work often at least once a day. if this issue could be solved, i would give the app <number> stars.",neutral,positive,0.8465885519981384,0.01903984323143959,0.1343715935945511,0.8465885519981384
you just need to add box braids as a hairstyle,positive,positive,0.8599274158477783,0.010851804167032242,0.12922076880931854,0.8599274158477783
its nice to receive anything,positive,positive,0.6878660917282104,0.008542880415916443,0.3035910725593567,0.6878660917282104
this app is awful,negative,negative,0.9648019075393677,0.9648019075393677,0.029846759513020515,0.00535131199285388
"bummer! now i am a former usser!!!! no-ads weatherbug, where are you? hello?",negative,negative,0.8005780577659607,0.8005780577659607,0.17815843224525452,0.021263502538204193
good for an <url>,neutral,neutral,0.6209996938705444,0.014132949523627758,0.6209996938705444,0.3648673892021179
this is very bad,neutral,negative,0.9658643007278442,0.9658643007278442,0.02845221571624279,0.005683440249413252
doesnt work on the gs <number>,negative,negative,0.9457976818084717,0.9457976818084717,0.046977367252111435,0.0072248843498528
too much ads not good for kids,neutral,neutral,0.5108534097671509,0.44479459524154663,0.5108534097671509,0.044351980090141296
not working properly in android above <number> . <number>,positive,negative,0.8892552256584167,0.8892552256584167,0.0973648652434349,0.01337982714176178
slow sometimes especially during video and audio calls. the app just hangs and stops working.,positive,neutral,0.8171892166137695,0.07326606661081314,0.8171892166137695,0.10954470932483673
if i could alter the apps appearance to allow for inverted colour schemes i would give it <number> stars other than that this is a brilliant app.,positive,positive,0.9002941846847534,0.014901465736329556,0.08480441570281982,0.9002941846847534
one of the <signature>,neutral,positive,0.9229780435562134,0.013264608569443226,0.0637572780251503,0.9229780435562134
"it's not working for me, i'm using samsung tab <number> mini, it's asking for confirmation of date of birth",negative,negative,0.855688750743866,0.855688750743866,0.13055692613124847,0.013754301704466343
"i can use other app meanwhile timer is running , so no use waste app",negative,neutral,0.6551310420036316,0.08376093208789825,0.6551310420036316,0.2611079514026642
app is up to date and easy to read.,positive,positive,0.8876478672027588,0.011080761440098286,0.10127130895853043,0.8876478672027588
"do not waste your time. if u think u can save the earth but no, you have to buy premium first to plant trees. absolute a waste timer",negative,negative,0.9626314043998718,0.9626314043998718,0.031389787793159485,0.005978790111839771
sluggish compared to other pdf readers but renders well.,neutral,neutral,0.7304878234863281,0.020359188318252563,0.7304878234863281,0.24915295839309692
"i don't need this, but i'm sure someone will need it.",positive,neutral,0.7072307467460632,0.10209330171346664,0.7072307467460632,0.19067594408988953
"really fast, good and probably the <signature>",positive,positive,0.8785305619239807,0.009630228392779827,0.11183921992778778,0.8785305619239807
"my team, tired of waiting for a department driven initiative for collaboration tools, decided to start using this for ourselves. it's been a great experience so far - quicker responses, easy file sharing, organising social outings and reaching out to the whole team at once etc. the <signature>",positive,positive,0.924656331539154,0.017276722937822342,0.05806691199541092,0.924656331539154
bad uploaded pic display,negative,negative,0.8949478268623352,0.8949478268623352,0.09254530072212219,0.012506935745477676
i like this app is very useful,neutral,positive,0.8905929327011108,0.0077874562703073025,0.10161963105201721,0.8905929327011108
"i was not able to open the app even after reinstalling it twice so instead i installed ""flip flop"" app which is also a similar app",negative,negative,0.6777215600013733,0.6777215600013733,0.28212738037109375,0.04015105217695236
what's with all the new permissions?,negative,negative,0.7957348823547363,0.7957348823547363,0.17960818111896515,0.024656912311911583
the new automatic markdown feature sucks!!! and you cannot turn it off,negative,negative,0.9358827471733093,0.9358827471733093,0.056537188589572906,0.007580107543617487
now it use very long time for export photo.,negative,positive,0.8003357648849487,0.05111691728234291,0.14854730665683746,0.8003357648849487
can't import pictures,negative,negative,0.5632756352424622,0.5632756352424622,0.41086143255233765,0.02586294524371624
i love it but for some reason it doesn't work well on my samsung. if it worked better with my phone a higher rating,neutral,positive,0.687294602394104,0.030265754088759422,0.28243961930274963,0.687294602394104
did more things to say and more holiday,neutral,positive,0.6507109999656677,0.04553590342402458,0.30375316739082336,0.6507109999656677
can not open edited images on my galaxy note <number>,negative,negative,0.6844478845596313,0.6844478845596313,0.2889777719974518,0.026574280112981796
the confirmation details is not shown on <number> rd party screen. not useful if i have to inform <number> rd party of the confirmation details.,neutral,neutral,0.7304126024246216,0.21017152070999146,0.7304126024246216,0.05941588431596756
never sends the correct emoji.,negative,negative,0.6355329155921936,0.6355329155921936,0.33486104011535645,0.029606055468320847
please add save image setting,positive,neutral,0.698900043964386,0.05355105176568031,0.698900043964386,0.24754886329174042
i cant run the app after new update!!!,neutral,negative,0.9529123902320862,0.9529123902320862,0.040866419672966,0.006221160292625427
ads thats the only thing spoiling this <url> bcz ads are source of income <url> lose this app the source ur getting ads,negative,negative,0.7536840438842773,0.7536840438842773,0.21492540836334229,0.03139052167534828
i have had this app for a while and it works really well,negative,positive,0.886197030544281,0.014351996593177319,0.09945093095302582,0.886197030544281
mostly good except- sucks too much background data and not freindly to my battery . should shut itself down.,neutral,neutral,0.8236416578292847,0.020588930696249008,0.8236416578292847,0.15576937794685364
"fairly accurate, wish the radar would update a little quicker",positive,positive,0.8919933438301086,0.0066838753409683704,0.10132274776697159,0.8919933438301086
what's up with it?,negative,negative,0.8514946103096008,0.8514946103096008,0.1317347288131714,0.01677064411342144
up browser is <signature>,positive,neutral,0.46083423495292664,0.17384923994541168,0.46083423495292664,0.3653164803981781
nice app but i can't highlight my text i pressed that longer but it couldn't work please check this out,positive,neutral,0.5897672176361084,0.02916714921593666,0.5897672176361084,0.38106563687324524
love it but the radar needs future time,positive,neutral,0.6076798439025879,0.04673277214169502,0.6076798439025879,0.34558743238449097
itss ok but not good at <url>,neutral,neutral,0.8515752553939819,0.022854523733258247,0.8515752553939819,0.12557025253772736
animation does not work. really disappointed. use everyday for work. moving on to the weather channel app. never fails.,negative,negative,0.9499182105064392,0.9499182105064392,0.04318239912390709,0.006899481639266014
"maybe if the app followed material design guidelines, i would have rated it <number> stars. the controls are based on ios, so it's not easy to find your way, but overall it's a good photo app.",positive,positive,0.5004281401634216,0.01617719791829586,0.4833946228027344,0.5004281401634216
new layout v <number>,positive,neutral,0.5061929225921631,0.16780516505241394,0.5061929225921631,0.32600194215774536
it does not install,positive,negative,0.9571810364723206,0.9571810364723206,0.036282654851675034,0.006536408327519894
"its amazing app, but unfortunately after the new updation the app forced to close when importing a new photo. so please fix that bug immediately",positive,positive,0.6045582890510559,0.018186738714575768,0.37725499272346497,0.6045582890510559
try hotel tonight - $ <number> free,neutral,neutral,0.47979092597961426,0.4194120764732361,0.47979092597961426,0.1007969006896019
"it's like <number> stars for the app, <number> star for new booking assistant. god damn it, how the hell can i just answer the message i got from a property???!!! why do i need to see <number> questions of an assistant instead, that i can not delete and that just mess up all the dialog! hate it. really hate this feature! do like everything else though.",positive,negative,0.8967325091362,0.8967325091362,0.09167814999818802,0.011589372530579567
been a good weather app for me! thumbs up!,positive,positive,0.5543001890182495,0.03650187700986862,0.40919792652130127,0.5543001890182495
i guess it's <url>,positive,neutral,0.5466235280036926,0.12109318375587463,0.5466235280036926,0.33228328824043274
loved it before update,neutral,negative,0.6240372061729431,0.6240372061729431,0.31537559628486633,0.06058726832270622
it is good news app but some improvement required in spelling and language.,positive,positive,0.7906818389892578,0.006783252116292715,0.20253486931324005,0.7906818389892578
"as a frequent user , you should have few options as reward the client should choose between",positive,positive,0.5197974443435669,0.05274909734725952,0.4274534583091736,0.5197974443435669
no bookmark or jump to <url> really annoying,negative,neutral,0.5211410522460938,0.4410080015659332,0.5211410522460938,0.037850916385650635
app is <url> service sucks,neutral,negative,0.8609114289283752,0.8609114289283752,0.12188972532749176,0.017198845744132996
i can't use web mobile in <url>,negative,negative,0.84981369972229,0.84981369972229,0.13599801063537598,0.014188233762979507
the new button is super poopy.,negative,positive,0.6206419467926025,0.0627269595861435,0.3166310489177704,0.6206419467926025
"i love it, but desperately needs to save last <url> and place within that <url> a bookmarking function!",neutral,positive,0.4735095500946045,0.10891979187726974,0.41757068037986755,0.4735095500946045
"simple to use,in a straight forward easy to understand format. <signature>",positive,positive,0.9161825776100159,0.010114856995642185,0.07370254397392273,0.9161825776100159
i saw no last minute rates as promised on the description.,negative,neutral,0.5550511479377747,0.3731341063976288,0.5550511479377747,0.07181482017040253
if you browse like i do this is a must have. i rated it <number> stars before but now it is becoming a mess. you are killing its reputation with ads. i must wait for few seconds advert to finish before browsing.,neutral,negative,0.9447346925735474,0.9447346925735474,0.04719860479235649,0.008066718466579914
the drawer is old,negative,neutral,0.6419804096221924,0.23903824388980865,0.6419804096221924,0.11898133158683777
what a great messanger. you make us who separated a kilometers away can gather in one place. keep <url>,positive,negative,0.8656717538833618,0.8656717538833618,0.11935751885175705,0.014970709569752216
add text option please,neutral,positive,0.587726891040802,0.01563856564462185,0.396634578704834,0.587726891040802
new logo looks like swastika maybe next time dev team will worked on app ram usage?,negative,neutral,0.6314697265625,0.14043214917182922,0.6314697265625,0.22809815406799316
don't use. can't uninstall on tablet,neutral,negative,0.9441723823547363,0.9441723823547363,0.04964207857847214,0.00618553813546896
fast but doesn't allow you to jump to pages no good for big ebooks,neutral,neutral,0.7873295545578003,0.048423875123262405,0.7873295545578003,0.16424664855003357
how can i make a video call??,positive,neutral,0.47981399297714233,0.2814662456512451,0.47981399297714233,0.23871974647045135
easy to use and useful,positive,positive,0.913709282875061,0.008535660803318024,0.07775504887104034,0.913709282875061
"i saw this app on engadget and was excited to try it. however, the hdr mode does not work on my phone. i have a samsung galaxy s <number> edge. it is listed as one of the phones that works but the option for hdr is not available on the drop-down menu.",neutral,neutral,0.6224249601364136,0.3234252631664276,0.6224249601364136,0.054149698466062546
i was able to update and view my bookings very easily. very convenient.,positive,positive,0.9205369353294373,0.00950534362345934,0.06995770335197449,0.9205369353294373
"it lost all my progress! i had the cat tree, octopus, etc",negative,negative,0.8814851641654968,0.8814851641654968,0.10229097306728363,0.016223754733800888
best crashes ever!!!! worthless,negative,negative,0.9688257575035095,0.9688257575035095,0.025290243327617645,0.005884056445211172
radar map never loads first try.,neutral,negative,0.9084669947624207,0.9084669947624207,0.07901112735271454,0.012521954253315926
"simple to the massage, i like bbm,cause i can see when the massage have delivered n read .",positive,positive,0.9022141695022583,0.009615829214453697,0.08816994726657867,0.9022141695022583
its <url> make something <url>,neutral,neutral,0.5589395761489868,0.1299954652786255,0.5589395761489868,0.3110648989677429
this is my favorite weather app to use. i've used it since i was a teenager. the only problem i have is that the hourly forecast is almost never right which is very inconvenient for me considering i work outside. on the bright side you can look at the radar and pretty much tell what what is gonna hit you.,neutral,positive,0.8996326923370361,0.01396122295409441,0.08640608191490173,0.8996326923370361
cant connect to facebook,neutral,negative,0.8854103684425354,0.8854103684425354,0.10466361790895462,0.0099260825663805
"i like it and think it's super cute and fun, but i wish it had more such as maybe tattoos or piercings and i wish you could create outfits instead of picking an outfit",positive,positive,0.8999461531639099,0.008278786204755306,0.09177499264478683,0.8999461531639099
good for quick edits on the move,positive,positive,0.7173445820808411,0.008578251115977764,0.2740771770477295,0.7173445820808411
why the almost daily updates?,neutral,neutral,0.6399136781692505,0.10199484974145889,0.6399136781692505,0.2580915093421936
terrible. i don't need creative cloud!,negative,negative,0.9652921557426453,0.9652921557426453,0.028448017314076424,0.006259807385504246
sign up form doesn't work and this app doesnt work without an adobe account so it was just a waste of time.,negative,negative,0.968952476978302,0.968952476978302,0.025437263771891594,0.005610241554677486
love it but a problem?,positive,positive,0.5272411704063416,0.03400449827313423,0.4387543797492981,0.5272411704063416
does what supposed to an as far as forcast go seems good,positive,neutral,0.6585131883621216,0.014702098444104195,0.6585131883621216,0.3267847001552582
i can't import alot of my photos!,neutral,negative,0.6469119191169739,0.6469119191169739,0.32704266905784607,0.02604532614350319
horrible pdf reader. there are much better alternatives.,negative,negative,0.9628449082374573,0.9628449082374573,0.030598174780607224,0.006556888576596975
"it's great that it can read my truck's <number> , <number> page service manual right here on my phone; but i can't find anything if there is no search feature!!",neutral,positive,0.7740786075592041,0.01628771796822548,0.20963363349437714,0.7740786075592041
it does logout of account after closing,positive,negative,0.48701193928718567,0.48701193928718567,0.45035189390182495,0.06263619661331177
"love it. would be great if you could include options to dodge and burn images, too.",positive,positive,0.8954437971115112,0.016020048409700394,0.08853612840175629,0.8954437971115112
i don't like that i can't attach to a text in gboard. i have to go through bitmoji to send in a text. it is easier to send in iphone and i can't do friendmojis,positive,neutral,0.757125735282898,0.1627822369337082,0.757125735282898,0.08009201288223267
"does not work on the captivate at <url> very disapointed, it just says it has failed to read found files.",negative,negative,0.9483522176742554,0.9483522176742554,0.04495085030794144,0.00669690128415823
it's an useful app,positive,positive,0.8314793705940247,0.007034338545054197,0.16148631274700165,0.8314793705940247
is the white house in charge of it?,negative,negative,0.5099280476570129,0.5099280476570129,0.3633643686771393,0.12670758366584778
weather automation doesn't work anymore so it's stupid,negative,negative,0.8550463318824768,0.8550463318824768,0.1336788833141327,0.011274862103164196
some times its just boarding,neutral,neutral,0.6831656694412231,0.048043057322502136,0.6831656694412231,0.26879122853279114
i deplore pdfs of all kinds. <url> the only thing that can read a pdf. but this app does <url> it still sux,negative,neutral,0.5872438549995422,0.3099975883960724,0.5872438549995422,0.1027585044503212
installs another app without warning,negative,negative,0.9015530943870544,0.9015530943870544,0.0871099904179573,0.011336925439536572
it's your app so you get to choose your logo. but this new one confusing my son that slack is a game and he is complaining i keep playing this game all the time but have no shame in denying his rights to play games eternally. ps: unable to view old items unless we pay is gross.,neutral,negative,0.7116469144821167,0.7116469144821167,0.26175832748413086,0.02659471705555916
"other parties doin better ""reader n even writer"" than adobe!",negative,neutral,0.5522395968437195,0.10261458903551102,0.5522395968437195,0.3451458513736725
takes too much time to load sometimes,positive,neutral,0.8428958058357239,0.06866785883903503,0.8428958058357239,0.08843639492988586
it is an interesting app that uses a lot of memory. but great communication tool,neutral,positive,0.9137868285179138,0.010007617995142937,0.07620549947023392,0.9137868285179138
it's amazing and faster then other <url>,neutral,positive,0.895308792591095,0.013016083277761936,0.09167513251304626,0.895308792591095
best weather app out there until it stopped working. won't load anything now. please <url>,negative,neutral,0.6112149357795715,0.05425630509853363,0.6112149357795715,0.33452871441841125
will be much better if it has read out <url>,positive,neutral,0.6643232107162476,0.027272546663880348,0.6643232107162476,0.30840417742729187
good overall but seems to have an issue of being unavailable or offline when other weather apps are working just fine providing the same info. <url> radar,positive,neutral,0.52077317237854,0.01719917170703411,0.52077317237854,0.4620276987552643
does the camera support long exposure?,positive,neutral,0.673170268535614,0.0703415647149086,0.673170268535614,0.2564881443977356
i enjoy using it. i just have to play with it more to get more experience,positive,positive,0.9062455892562866,0.012989572249352932,0.08076480031013489,0.9062455892562866
it helps me a lot,positive,positive,0.8781930208206177,0.008702600374817848,0.11310432106256485,0.8781930208206177
not bad at all. great improvement.,positive,positive,0.775301456451416,0.011281720362603664,0.21341687440872192,0.775301456451416
plenty of unnessary ads,negative,neutral,0.636033833026886,0.20538434386253357,0.636033833026886,0.15858186781406403
the news feed so annoying please avoid this type of <url> or add a button for stop news <url>,negative,neutral,0.7184350490570068,0.1373409628868103,0.7184350490570068,0.1442239135503769
can be a bit complicated and in your face but it does a good job and is well supported by venues.,positive,positive,0.7711297273635864,0.010460961610078812,0.21840938925743103,0.7711297273635864
i liked it. no reply on mobile though.,positive,neutral,0.724602997303009,0.03445941209793091,0.724602997303009,0.24093754589557648
"works perfectly with snapchat, i hope soon it has more goth/alternative outfits and options for piercings and ear spacers. love the new hair options!",positive,positive,0.9309632182121277,0.012530837208032608,0.05650591850280762,0.9309632182121277
"it used to be a <number> star app but not every time i try to open it it crashes, please fix this asap",negative,negative,0.6040792465209961,0.6040792465209961,0.3507610857486725,0.045159660279750824
where's the support?,negative,neutral,0.47755396366119385,0.3130307197570801,0.47755396366119385,0.20941536128520966
i think nice but mobile hang krta h,neutral,positive,0.6560043096542358,0.011198507621884346,0.3327971398830414,0.6560043096542358
please add fonts in this app to write . <signature>,neutral,positive,0.564565896987915,0.047344885766506195,0.38808923959732056,0.564565896987915
"worked once, then has never worked again.",negative,negative,0.8816503882408142,0.8816503882408142,0.10414828360080719,0.014201358892023563
fix the radar! what is taking so long? i'm very close to deleting this app for good. i doubt i'm alone!,negative,negative,0.6317495703697205,0.6317495703697205,0.3324470818042755,0.03580332174897194
it is good aap for searching and downloading <url>,positive,positive,0.6269688606262207,0.010572772473096848,0.36245834827423096,0.6269688606262207
while controlling shutter speed whole app is getting freezed.,neutral,negative,0.6100605726242065,0.6100605726242065,0.3530018627643585,0.036937542259693146
"no full language support. what a shame, adobe.",negative,negative,0.9570719003677368,0.9570719003677368,0.03704196587204933,0.0058861118741333485
it's nice <url>,neutral,positive,0.5036040544509888,0.009901902638375759,0.4864940345287323,0.5036040544509888
"this app is not at all what i had expected. it is very hard to use. at the beggining, you get small info about one fature of the app. once you start to use it, the purpose just gets confusing, how does the tree grow? is the time a stopclock, a timer, im so confused! please improve this app to be more user friendly!",negative,neutral,0.5827922821044922,0.3610464036464691,0.5827922821044922,0.05616127699613571
lost status bar info,neutral,negative,0.7595198154449463,0.7595198154449463,0.20840077102184296,0.03207940235733986
it was fine before i was forced to update.,neutral,neutral,0.6417236924171448,0.24694739282131195,0.6417236924171448,0.11132895946502686
